instrument,wavelength_um,flux_mjy
NIRISS_SOSS,0.8750000000000003,0.08153787854755819
NIRISS_SOSS,0.9250000000000004,0.08280138662068023
NIRISS_SOSS,0.9750000000000004,0.08371551243525847
NIRISS_SOSS,1.0250000000000004,0.08448907813748914
NIRISS_SOSS,1.0750000000000004,0.08273404649008352
NIRISS_SOSS,1.1250000000000004,0.08355606364041075
NIRISS_SOSS,1.1750000000000005,0.08360134172169571
NIRISS_SOSS,1.2250000000000005,0.08381781303473568
NIRISS_SOSS,1.2750000000000006,0.083431264103577
NIRISS_SOSS,1.3250000000000006,0.08318107776203801
NIRISS_SOSS,1.3750000000000007,0.08275603220489543
NIRISS_SOSS,1.4250000000000007,0.08211205300287183
NIRISS_SOSS,1.4750000000000008,0.08125081549977814
NIRISS_SOSS,1.5250000000000008,0.0809486868753905
NIRISS_SOSS,1.5750000000000008,0.07879710324041206
NIRISS_SOSS,1.6250000000000009,0.07786012258535822
NIRISS_SOSS,1.675000000000001,0.07603925955283904
NIRISS_SOSS,1.725000000000001,0.07247918397421789
NIRISS_SOSS,1.775000000000001,0.06963575187791862
NIRISS_SOSS,1.825000000000001,0.06662719255389397
NIRISS_SOSS,1.875000000000001,0.06325163365411433
NIRISS_SOSS,1.9250000000000012,0.06136537459086146
NIRISS_SOSS,1.9750000000000012,0.05909468005651653
NIRISS_SOSS,2.0250000000000012,0.05774006336608012
NIRISS_SOSS,2.0750000000000015,0.05508163070100539
NIRISS_SOSS,2.1250000000000013,0.05300361828715698
NIRISS_SOSS,2.175000000000001,0.04962990444581452
NIRISS_SOSS,2.2250000000000014,0.04812686265090514
NIRISS_SOSS,2.2750000000000017,0.046174274633142054
NIRISS_SOSS,2.3250000000000015,0.04396516865731253
NIRISS_SOSS,2.3750000000000013,0.04219611217596811
NIRISS_SOSS,2.4250000000000016,0.040573497064568136
NIRISS_SOSS,2.475000000000002,0.0393615602310456
NIRISS_SOSS,2.5250000000000017,0.03798200361698587
NIRISS_SOSS,2.5750000000000015,0.035990236707068295
NIRISS_SOSS,2.6250000000000018,0.03447921985767713
NIRISS_SOSS,2.675000000000002,0.033377049796034175
NIRISS_SOSS,2.725000000000002,0.031697866918558755
NIRISS_SOSS,2.7750000000000017,0.029925915620066953
NIRISS_SOSS,2.825000000000002,0.029132713044616912
NIRCam_GRISM,2.4250000000000016,0.0007269947702169418
NIRCam_GRISM,2.475000000000002,0.0009376890838384628
NIRCam_GRISM,2.5250000000000017,0.0010197599174797535
NIRCam_GRISM,2.5750000000000015,0.0010881760343909262
NIRCam_GRISM,2.6250000000000018,0.001231936675286293
NIRCam_GRISM,2.675000000000002,0.0013140409521579743
NIRCam_GRISM,2.725000000000002,0.00133147769895792
NIRCam_GRISM,2.7750000000000017,0.0013106090316534042
NIRCam_GRISM,2.825000000000002,0.0013088568530321121
NIRCam_GRISM,2.875000000000002,0.001346012221956253
NIRCam_GRISM,2.925000000000002,0.001370535528731346
NIRCam_GRISM,2.975000000000002,0.0014038220213890074
NIRCam_GRISM,3.025000000000002,0.0014374581644058227
NIRCam_GRISM,3.0750000000000024,0.001456998731970787
NIRCam_GRISM,3.125000000000002,0.0014695720526218415
NIRCam_GRISM,3.175000000000002,0.0014774194017887115
NIRCam_GRISM,3.2250000000000023,0.0014636281045794486
NIRCam_GRISM,3.2750000000000026,0.0014468602437496185
NIRCam_GRISM,3.3250000000000024,0.0014781398820638658
NIRCam_GRISM,3.375000000000002,0.0014925175656914712
NIRCam_GRISM,3.4250000000000025,0.001468025193285942
NIRCam_GRISM,3.4750000000000028,0.0014593796479463578
NIRCam_GRISM,3.5250000000000026,0.0014198035492181777
NIRCam_GRISM,3.5750000000000024,0.0013906197657823562
NIRCam_GRISM,3.6250000000000027,0.0013621094889163972
NIRCam_GRISM,3.675000000000003,0.0013112084859609602
NIRCam_GRISM,3.7250000000000028,0.001266454958820343
NIRCam_GRISM,3.7750000000000026,0.0012314913858890533
NIRCam_GRISM,3.825000000000003,0.0011729192097365854
NIRCam_GRISM,3.875000000000003,0.0010720249315857885
NIRCam_GRISM,3.925000000000003,0.0010548293741345404
NIRCam_GRISM,3.9750000000000028,0.0007472057729363442
NIRCam_GRISM,4.025000000000004,0.00017702142560482024
NIRCam_GRISM,4.075000000000004,2.4561131593585012e-05
NIRCam_GRISM,4.1250000000000036,3.085587581992149e-06
NIRCam_GRISM,4.175000000000003,7.135235488414764e-07
NIRCam_GRISM,4.225000000000003,2.8534102365374563e-07
NIRCam_GRISM,4.275000000000004,2.3834470435976983e-07
NIRCam_GRISM,4.325000000000004,1.5603525936603546e-07
NIRCam_GRISM,4.3750000000000036,1.370570734143257e-07
NIRSpec_G395H,2.875000000000002,3.5121745466887595e-08
NIRSpec_G395H,2.925000000000002,3.4439319685715576e-08
NIRSpec_G395H,2.975000000000002,3.3431344570002173e-08
NIRSpec_G395H,3.025000000000002,3.243738495249535e-08
NIRSpec_G395H,3.0750000000000024,3.1492051546447015e-08
NIRSpec_G395H,3.125000000000002,3.062468531631161e-08
NIRSpec_G395H,3.175000000000002,2.9791251871777416e-08
NIRSpec_G395H,3.2250000000000023,2.895994524190972e-08
NIRSpec_G395H,3.2750000000000026,2.831394356094576e-08
NIRSpec_G395H,3.3250000000000024,2.7509640666288627e-08
NIRSpec_G395H,3.375000000000002,2.676732321874641e-08
NIRSpec_G395H,3.4250000000000025,2.6104369263274276e-08
NIRSpec_G395H,3.4750000000000028,2.5387275024927593e-08
NIRSpec_G395H,3.5250000000000026,2.4674854211773534e-08
NIRSpec_G395H,3.5750000000000024,2.421717831588084e-08
NIRSpec_G395H,3.6250000000000027,2.3752109112440803e-08
NIRSpec_G395H,3.675000000000003,2.305941367390626e-08
NIRSpec_G395H,3.7250000000000028,2.279348783444018e-08
NIRSpec_PRISM,0.5750000000000001,
NIRSpec_PRISM,0.6250000000000001,7.171414025519485e-08
NIRSpec_PRISM,0.6750000000000002,7.552924158100082e-08
NIRSpec_PRISM,0.7250000000000002,7.940071748833301e-08
NIRSpec_PRISM,0.7750000000000002,8.245744873819847e-08
NIRSpec_PRISM,0.8250000000000003,8.37015439883582e-08
NIRSpec_PRISM,0.8750000000000003,8.64106596977259e-08
NIRSpec_PRISM,0.9250000000000004,8.903614832034619e-08
NIRSpec_PRISM,0.9750000000000004,9.019785219705784e-08
NIRSpec_PRISM,2.3750000000000013,4.715773411832476e-08
NIRSpec_PRISM,2.6250000000000018,3.950319973229568e-08
NIRSpec_PRISM,2.725000000000002,3.747661457622242e-08
NIRSpec_PRISM,2.825000000000002,3.5702806793237167e-08
NIRSpec_PRISM,2.925000000000002,3.4055086767846e-08
NIRSpec_PRISM,2.975000000000002,3.290356162657396e-08
NIRSpec_PRISM,3.0750000000000024,3.1356010531839517e-08
NIRSpec_PRISM,3.125000000000002,3.031302067050249e-08
NIRSpec_PRISM,3.175000000000002,2.9579290739636127e-08
NIRSpec_PRISM,3.2250000000000023,2.8414127267565108e-08
NIRSpec_PRISM,3.2750000000000026,2.7897654743376538e-08
NIRSpec_PRISM,3.3250000000000024,2.6978426989691866e-08
NIRSpec_PRISM,3.375000000000002,2.5788481006304642e-08
NIRSpec_PRISM,3.4250000000000025,2.5715277744637048e-08
NIRSpec_PRISM,3.4750000000000028,2.5066203622462814e-08
NIRSpec_PRISM,3.5250000000000026,2.4467566683478202e-08
NIRSpec_PRISM,3.5750000000000024,2.354675121401142e-08
NIRSpec_PRISM,3.6250000000000027,2.3339873514212836e-08
NIRSpec_PRISM,3.675000000000003,2.2572243732032746e-08
NIRSpec_PRISM,3.7250000000000028,2.195401076309643e-08
NIRSpec_PRISM,3.7750000000000026,2.1821653947729217e-08
NIRSpec_PRISM,3.825000000000003,2.085544362630345e-08
NIRSpec_PRISM,3.875000000000003,2.0323057412935885e-08
NIRSpec_PRISM,3.925000000000003,1.9775574602516592e-08
NIRSpec_PRISM,3.9750000000000028,1.947022446452865e-08
NIRSpec_PRISM,4.025000000000004,1.9221909375850372e-08
NIRSpec_PRISM,4.075000000000004,1.9043587092077424e-08
NIRSpec_PRISM,4.1250000000000036,1.8569218346443463e-08
NIRSpec_PRISM,4.175000000000003,1.805170923026961e-08
NIRSpec_PRISM,4.225000000000003,1.7786961014531403e-08
NIRSpec_PRISM,4.275000000000004,1.746835758800384e-08
NIRSpec_PRISM,4.325000000000004,1.6601895567398137e-08
NIRSpec_PRISM,4.3750000000000036,1.6087943827430573e-08
NIRSpec_PRISM,4.425000000000004,1.565563163469249e-08
NIRSpec_PRISM,4.475000000000004,1.5368550744824716e-08
NIRSpec_PRISM,4.525000000000004,1.5044320386665503e-08
NIRSpec_PRISM,4.575000000000004,1.4685651097932061e-08
NIRSpec_PRISM,4.6250000000000036,1.4410214995418757e-08
NIRSpec_PRISM,4.675000000000004,1.4189790756384457e-08
NIRSpec_PRISM,4.725000000000004,1.4149676741337761e-08
NIRSpec_PRISM,4.775000000000004,1.3679527887719426e-08
NIRSpec_PRISM,4.825000000000005,1.3593424380623934e-08
NIRSpec_PRISM,4.875000000000004,1.3220876566665323e-08
NIRSpec_PRISM,4.925000000000004,1.3111497358055364e-08
NIRSpec_PRISM,4.975000000000004,1.298503248305028e-08
NIRSpec_PRISM,5.025000000000004,1.2684056715876709e-08
NIRSpec_PRISM,5.075000000000005,1.22924735803543e-08
NIRSpec_PRISM,5.125000000000004,1.2104765445553574e-08
NIRSpec_PRISM,5.175000000000004,1.215533364192948e-08
NIRSpec_PRISM,5.225000000000005,1.2057195291553898e-08
NIRSpec_PRISM,5.275000000000005,1.1815533432549024e-08
NIRSpec_PRISM,5.325000000000005,
