wavelength_um,NIRISS_SOSS,NIRCam_GRISM,NIRSpec_G395H,NIRSpec_PRISM
2.861689451535732,,0.0012044183397350386,,3.4848610630328407e-08
2.8616705078399454,,0.0012043105243208895,,3.484899843089992e-08
2.8616515641441587,,0.0012042027089067403,,3.484938623147143e-08
2.8616326204483715,,0.0012040948934925887,,3.4849774032042944e-08
2.861613676752585,,0.0012039870780784394,,3.4850161832614454e-08
2.861594733056798,,0.0012038792626642902,,3.4850549633185964e-08
2.8615757893610114,,0.001203771447250141,,3.4850937433757474e-08
2.8615568456652243,,0.0012036636318359893,,3.4851325234329e-08
2.8615379019694376,,0.00120355581642184,,3.485171303490051e-08
2.861518958273651,,0.0012033621029770294,,3.485210083547202e-08
2.861500014577864,,0.0012029875498451633,,3.485248863604353e-08
2.861481070882077,,0.0012026129967132883,,3.4852876436615045e-08
2.8614621271862903,,0.0012022384435814222,,3.4853264237186556e-08
2.8614431834905036,,0.001201863890449556,,3.4853652037758066e-08
2.861424239794717,,0.0012014893373176899,,3.4854039838329576e-08
2.86140529609893,,0.001201114784185815,,3.485442763890109e-08
2.861386352403143,,0.0012007402310539488,,3.48548154394726e-08
2.8613674087073564,,0.0012003656779220827,,3.485520324004412e-08
2.8613484650115697,,0.0011999911247902164,,3.485559104061563e-08
2.8613295213157826,,0.0011996165716583415,,3.485597884118715e-08
2.861310577619996,,0.0011992420185264754,,3.485636664175866e-08
2.861291633924209,,0.0011988674653946093,,3.485675444233017e-08
2.8612726902284225,,0.001198492912262743,,3.485714224290168e-08
2.8612537465326353,,0.001198118359130868,,3.4857530043473194e-08
2.8612348028368486,,0.001197743805999002,,3.4857917844044705e-08
2.861215859141062,,0.0011973692528671359,,3.4858305644616215e-08
2.861196915445275,,0.0011969946997352696,,3.4858693445187725e-08
2.861177971749488,,0.0011966201466033946,,3.485908124575925e-08
2.8611590280537014,,0.0011962455934715285,,3.485946904633076e-08
2.8611400843579147,,0.0011958710403396624,,3.485985684690227e-08
2.861121140662128,,0.0011954964872077961,,3.486024464747378e-08
2.861102196966341,,0.0011951219340759212,,3.4860632448045296e-08
2.861083253270554,,0.001194747380944055,,3.4861020248616806e-08
2.8610643095747674,,0.001194372827812189,,3.4861408049188316e-08
2.8610453658789807,,0.0011939982746803227,,3.4861795849759826e-08
2.8610264221831936,,0.001193623721548448,,3.486218365033135e-08
2.861007478487407,,0.0011932491684165816,,3.486257145090286e-08
2.86098853479162,,0.0011928746152847156,,3.486295925147437e-08
2.8609695910958335,,0.0011925000621528493,,3.486334705204588e-08
2.8609506474000463,,0.0011921255090209745,,3.48637348526174e-08
2.8609317037042596,,0.0011917509558891082,,3.486412265318891e-08
2.860912760008473,,0.0011913764027572421,,3.486451045376042e-08
2.8608938163126862,,0.001191001849625376,,3.486489825433193e-08
2.860874872616899,,0.001190627296493501,,3.4865286054903445e-08
2.8608559289211124,,0.0011902527433616348,,3.4865673855474955e-08
2.8608369852253257,,0.0011898781902297687,,3.486606165604647e-08
2.860818041529539,,0.0011895036370979026,,3.486644945661798e-08
2.860799097833752,,0.0011891290839660276,,3.48668372571895e-08
2.860780154137965,,0.0011887545308341613,,3.486722505776101e-08
2.8607612104421785,,0.0011883799777022953,,3.486761285833252e-08
2.8607422667463918,,0.0011880054245704292,,3.486800065890403e-08
2.8607233230506046,,0.0011876308714385542,,3.4868388459475546e-08
2.860704379354818,,0.001187256318306688,,3.4868776260047057e-08
2.860685435659031,,0.0011868817651748218,,3.486916406061857e-08
2.8606664919632445,,0.0011865072120429557,,3.486955186119008e-08
2.8606475482674574,,0.0011861326589110808,,3.48699396617616e-08
2.8606286045716707,,0.0011857581057792147,,3.487032746233311e-08
2.860609660875884,,0.0011853835526473484,,3.487071526290462e-08
2.8605907171800973,,0.0011850089995154823,,3.487110306347613e-08
2.86057177348431,,0.0011846344463836073,,3.487149086404765e-08
2.8605528297885234,,0.0011844651980700582,,3.487187866461916e-08
2.8605338860927367,,0.0011849572401867307,,3.487226646519067e-08
2.86051494239695,,0.0011854492823034032,,3.487265426576218e-08
2.860495998701163,,0.0011859413244200872,,3.48730420663337e-08
2.860477055005376,,0.0011864333665367597,,3.487342986690521e-08
2.8604581113095895,,0.0011869254086534324,,3.487381766747672e-08
2.860439167613803,,0.001187417450770105,,3.487420546804823e-08
2.8604202239180156,,0.001187909492886789,,3.487459326861975e-08
2.860401280222229,,0.0011884015350034614,,3.487498106919126e-08
2.8603823365264422,,0.001188893577120134,,3.487536886976277e-08
2.8603633928306555,,0.0011893856192368064,,3.487575667033428e-08
2.8603444491348684,,0.0011898776613534906,,3.48761444709058e-08
2.8603255054390817,,0.0011903697034701631,,3.487653227147731e-08
2.860306561743295,,0.0011908617455868356,,3.487692007204882e-08
2.8602876180475083,,0.0011913537877035081,,3.4877307872620334e-08
2.860268674351721,,0.0011918458298201923,,3.487769567319185e-08
2.8602497306559345,,0.0011923378719368649,,3.487808347376336e-08
2.8602307869601478,,0.0011928299140535374,,3.487847127433487e-08
2.860211843264361,,0.0011933219561702099,,3.487885907490638e-08
2.860192899568574,,0.0011938139982868939,,3.48792468754779e-08
2.860173955872787,,0.0011943060404035664,,3.487963467604941e-08
2.8601550121770005,,0.001194798082520239,,3.488002247662092e-08
2.860136068481214,,0.0011952901246369116,,3.488041027719243e-08
2.8601171247854267,,0.0011957821667535956,,3.488079807776395e-08
2.86009818108964,,0.001196274208870268,,3.488118587833546e-08
2.8600792373938533,,0.0011967662509869406,,3.488157367890697e-08
2.8600602936980666,,0.0011972582931036133,,3.488196147947848e-08
2.8600413500022794,,0.0011977503352202973,,3.488234928005e-08
2.8600224063064927,,0.0011982423773369698,,3.488273708062151e-08
2.860003462610706,,0.0011987344194536423,,3.488312488119302e-08
2.8599845189149193,,0.0011992264615703148,,3.488351268176453e-08
2.859965575219132,,0.001199718503686999,,3.4883900482336054e-08
2.8599466315233455,,0.0012002105458036715,,3.4884288282907564e-08
2.859927687827559,,0.001200702587920344,,3.4884676083479074e-08
2.859908744131772,,0.0012011946300370165,,3.4885063884050585e-08
2.859889800435985,,0.0012016866721537005,,3.48854516846221e-08
2.8598708567401983,,0.0012021787142703732,,3.488583948519361e-08
2.8598519130444116,,0.0012026707563870457,,3.488622728576512e-08
2.859832969348625,,0.0012031627985037182,,3.488661508633663e-08
2.8598140256528377,,0.0012036548406204022,,3.488700288690815e-08
2.859795081957051,,0.0012041468827370747,,3.488739068747966e-08
2.8597761382612643,,0.0012046389248537473,,3.488777848805117e-08
2.8597571945654776,,0.00120513096697042,,3.4888166288622686e-08
2.8597382508696905,,0.001205623009087104,,3.48885540891942e-08
2.8597193071739038,,0.0012061150512037765,,3.488894188976571e-08
2.859700363478117,,0.001206607093320449,,3.4889329690337223e-08
2.8596814197823304,,0.0012070991354371215,,3.4889717490908734e-08
2.8596624760865432,,0.0012075911775538057,,3.489010529148025e-08
2.8596435323907565,,0.0012080832196704782,,3.489049309205176e-08
2.85962458869497,,0.0012085752617871507,,3.489088089262327e-08
2.859605644999183,,0.0012090673039038232,,3.489126869319478e-08
2.859586701303396,,0.0012094548842144837,,3.4891656493766304e-08
2.8595677576076093,,0.0012091964927844218,,3.4892044294337815e-08
2.8595488139118226,,0.00120893810135436,,3.4892432094909325e-08
2.859529870216036,,0.0012086797099242978,,3.4892819895480835e-08
2.8595109265202487,,0.0012084213184942298,,3.489320769605235e-08
2.859491982824462,,0.0012081629270641679,,3.489359549662386e-08
2.8594730391286753,,0.001207904535634106,,3.489398329719537e-08
2.8594540954328886,,0.001207646144204044,,3.489437109776688e-08
2.8594351517371015,,0.001207387752773976,,3.4894758898338406e-08
2.859416208041315,,0.001207129361343914,,3.4895146698909916e-08
2.859397264345528,,0.001206870969913852,,3.4895534499481426e-08
2.8593783206497414,,0.00120661257848379,,3.4895922300052937e-08
2.8593593769539543,,0.001206354187053722,,3.4896310100624453e-08
2.8593404332581676,,0.0012060957956236602,,3.4896697901195964e-08
2.859321489562381,,0.0012058374041935983,,3.4897085701767474e-08
2.859302545866594,,0.0012055790127635363,,3.4897473502338984e-08
2.859283602170807,,0.0012053206213334681,,3.48978613029105e-08
2.8592646584750203,,0.0012050622299034062,,3.489824910348201e-08
2.8592457147792336,,0.0012048038384733443,,3.489863690405352e-08
2.859226771083447,,0.0012045454470432824,,3.489902470462504e-08
2.8592078273876598,,0.0012042870556132144,,3.4899412505196555e-08
2.859188883691873,,0.0012040286641831525,,3.4899800305768065e-08
2.8591699399960864,,0.0012037702727530904,,3.4900188106339575e-08
2.8591509963002997,,0.0012035118813230284,,3.4900575906911086e-08
2.8591320526045125,,0.0012032534898929604,,3.49009637074826e-08
2.859113108908726,,0.0012029950984628985,,3.490135150805411e-08
2.859094165212939,,0.0012027367070328366,,3.490173930862562e-08
2.8590752215171524,,0.0012024783156027747,,3.490212710919713e-08
2.8590562778213653,,0.0012022199241727067,,3.4902514909768656e-08
2.8590373341255786,,0.0012019615327426446,,3.4902902710340167e-08
2.859018390429792,,0.0012017031413125827,,3.490329051091168e-08
2.858999446734005,,0.0012014447498825207,,3.490367831148319e-08
2.858980503038218,,0.0012011863584524528,,3.4904066112054704e-08
2.8589615593424313,,0.0012009279670223908,,3.4904453912626214e-08
2.8589426156466446,,0.001200669575592329,,3.4904841713197724e-08
2.858923671950858,,0.0012004111841622668,,3.4905229513769234e-08
2.858904728255071,,0.0012001527927321988,,3.490561731434076e-08
2.858885784559284,,0.0011998944013021369,,3.490600511491227e-08
2.8588668408634974,,0.001199636009872075,,3.490639291548378e-08
2.8588478971677107,,0.001199377618442013,,3.490678071605529e-08
2.8588289534719236,,0.001199119227011945,,3.4907168516626805e-08
2.858810009776137,,0.0011988608355818831,,3.4907556317198316e-08
2.85879106608035,,0.001198602444151821,,3.4907944117769826e-08
2.8587721223845635,,0.001198344052721759,,3.4908331918341336e-08
2.8587531786887763,,0.001198085661291691,,3.490871971891285e-08
2.8587342349929896,,0.0011978272698616292,,3.490910751948436e-08
2.858715291297203,,0.0011975688784315673,,3.490949532005587e-08
2.858696347601416,,0.0011973104870015054,,3.4909883120627383e-08
2.858677403905629,,0.0011970520955714374,,3.491027092119891e-08
2.8586584602098424,,0.0011967937041413752,,3.491065872177042e-08
2.8586395165140557,,0.0011965353127113133,,3.491104652234193e-08
2.858620572818269,,0.001196292261259401,,3.491143432291344e-08
2.858601629122482,,0.0011963175241846181,,3.4911822123484954e-08
2.858582685426695,,0.0011963427871098348,,3.4912209924056465e-08
2.8585637417309084,,0.0011963680500350511,,3.4912597724627975e-08
2.8585447980351217,,0.0011963933129602675,,3.4912985525199485e-08
2.8585258543393346,,0.0011964185758854846,,3.491337332577101e-08
2.858506910643548,,0.0011964438388107012,,3.491376112634252e-08
2.858487966947761,,0.0011964691017359176,,3.491414892691403e-08
2.8584690232519745,,0.001196494364661134,,3.491453672748554e-08
2.8584500795561874,,0.001196519627586351,,3.4914924528057056e-08
2.8584311358604007,,0.0011965448905115676,,3.4915312328628566e-08
2.858412192164614,,0.001196570153436784,,3.4915700129200076e-08
2.8583932484688273,,0.0011965954163620004,,3.4916087929771586e-08
2.85837430477304,,0.0011966206792872174,,3.491647573034311e-08
2.8583553610772534,,0.001196645942212434,,3.491686353091462e-08
2.8583364173814667,,0.0011966712051376504,,3.491725133148613e-08
2.85831747368568,,0.0011966964680628668,,3.491763913205764e-08
2.858298529989893,,0.0011967217309880838,,3.491802693262916e-08
2.858279586294106,,0.0011967469939133005,,3.491841473320067e-08
2.8582606425983195,,0.0011967722568385168,,3.491880253377218e-08
2.8582416989025328,,0.0011967975197637332,,3.491919033434369e-08
2.8582227552067456,,0.0011968227826889503,,3.4919578134915205e-08
2.858203811510959,,0.0011968480456141669,,3.4919965935486715e-08
2.8581848678151722,,0.0011968733085393833,,3.4920353736058225e-08
2.8581659241193855,,0.0011968985714645997,,3.4920741536629735e-08
2.8581469804235984,,0.0011969238343898167,,3.492112933720126e-08
2.8581280367278117,,0.0011969490973150333,,3.492151713777277e-08
2.858109093032025,,0.0011969743602402497,,3.492190493834428e-08
2.8580901493362383,,0.001196999623165466,,3.492229273891579e-08
2.858071205640451,,0.0011970248860906831,,3.4922680539487306e-08
2.8580522619446644,,0.0011970501490158997,,3.4923068340058817e-08
2.8580333182488777,,0.0011970754119411161,,3.492345614063033e-08
2.858014374553091,,0.0011971006748663325,,3.492384394120184e-08
2.857995430857304,,0.0011971259377915495,,3.492423174177336e-08
2.857976487161517,,0.0011971512007167662,,3.492461954234487e-08
2.8579575434657305,,0.0011971764636419825,,3.492500734291638e-08
2.857938599769944,,0.001197201726567199,,3.492539514348789e-08
2.8579196560741567,,0.001197226989492416,,3.492578294405941e-08
2.85790071237837,,0.0011972522524176326,,3.492617074463092e-08
2.8578817686825833,,0.001197277515342849,,3.492655854520243e-08
2.8578628249867966,,0.0011973027782680654,,3.492694634577394e-08
2.8578438812910094,,0.0011973280411932824,,3.492733414634546e-08
2.8578249375952227,,0.001197353304118499,,3.492772194691697e-08
2.857805993899436,,0.0011973785670437154,,3.492810974748848e-08
2.8577870502036493,,0.0011974038299689318,,3.492849754805999e-08
2.857768106507862,,0.0011974290928941488,,3.492888534863151e-08
2.8577491628120755,,0.0011974543558193652,,3.492927314920302e-08
2.8577302191162888,,0.0011974796187445818,,3.492966094977453e-08
2.857711275420502,,0.0011975048816697982,,3.493004875034604e-08
2.857692331724715,,0.0011975301445950153,,3.493043655091756e-08
2.8576733880289282,,0.0011975554075202316,,3.493082435148907e-08
2.8576544443331415,,0.0011975806704454482,,3.493121215206058e-08
2.857635500637355,,0.0011975057121833303,,3.493159995263209e-08
2.8576165569415677,,0.001197427543156689,,3.493198775320361e-08
2.857597613245781,,0.0011973493741300495,,3.493237555377512e-08
2.8575786695499943,,0.0011972712051034101,,3.493276335434663e-08
2.8575597258542076,,0.0011971930360767707,,3.493315115491814e-08
2.8575407821584204,,0.0011971148670501294,,3.493353895548966e-08
2.8575218384626337,,0.00119703669802349,,3.493392675606117e-08
2.857502894766847,,0.0011969585289968504,,3.493431455663268e-08
2.8574839510710603,,0.001196880359970211,,3.493470235720419e-08
2.857465007375273,,0.0011968021909435698,,3.493509015777571e-08
2.8574460636794865,,0.0011967240219169302,,3.493547795834722e-08
2.8574271199837,,0.0011966458528902908,,3.493586575891873e-08
2.857408176287913,,0.0011965676838636514,,3.493625355949024e-08
2.857389232592126,,0.00119648951483701,,3.493664136006176e-08
2.8573702888963393,,0.0011964113458103707,,3.493702916063327e-08
2.8573513452005526,,0.0011963331767837313,,3.493741696120478e-08
2.857332401504766,,0.0011962550077570916,,3.493780476177629e-08
2.8573134578089787,,0.0011961768387304505,,3.4938192562347814e-08
2.857294514113192,,0.0011960986697038111,,3.4938580362919324e-08
2.8572755704174053,,0.0011960205006771715,,3.4938968163490834e-08
2.8572566267216186,,0.001195942331650532,,3.4939355964062345e-08
2.8572376830258315,,0.0011958641626238907,,3.493974376463386e-08
2.8572187393300448,,0.0011957859935972513,,3.494013156520537e-08
2.857199795634258,,0.001195707824570612,,3.494051936577688e-08
2.8571808519384714,,0.0011956296555439725,,3.494090716634839e-08
2.8571619082426842,,0.0011955514865173312,,3.494129496691991e-08
2.8571429645468975,,0.0011954733174906918,,3.494168276749142e-08
2.857124020851111,,0.0011953951484640524,,3.494207056806293e-08
2.857105077155324,,0.0011953169794374128,,3.494245836863444e-08
2.857086133459537,,0.0011952388104107716,,3.494284616920596e-08
2.8570671897637503,,0.001195160641384132,,3.494323396977747e-08
2.8570482460679636,,0.0011950824723574926,,3.4943621770348983e-08
2.857029302372177,,0.0011950043033308532,,3.4944009570920494e-08
2.8570103586763897,,0.0011949261343042119,,3.494439737149201e-08
2.856991414980603,,0.0011948479652775725,,3.494478517206352e-08
2.8569724712848164,,0.001194769796250933,,3.494517297263503e-08
2.8569535275890297,,0.0011946916272242937,,3.494556077320654e-08
2.8569345838932425,,0.0011946134581976523,,3.4945948573778064e-08
2.856915640197456,,0.001194535289171013,,3.4946336374349575e-08
2.856896696501669,,0.0011944571201443733,,3.4946724174921085e-08
2.8568777528058824,,0.001194378951117734,,3.4947111975492595e-08
2.8568588091100953,,0.0011943007820910925,,3.494749977606411e-08
2.8568398654143086,,0.0011942226130644531,,3.494788757663562e-08
2.856820921718522,,0.0011941444440378137,,3.494827537720713e-08
2.856801978022735,,0.0011940662750111743,,3.494866317777864e-08
2.856783034326948,,0.001193988105984533,,3.4949050978350166e-08
2.8567640906311613,,0.0011939099369578936,,3.4949438778921676e-08
2.8567451469353746,,0.0011938317679312542,,3.4949826579493186e-08
2.856726203239588,,0.0011937535989046146,,3.4950214380064697e-08
2.856707259543801,,0.0011936754298779734,,3.4950602180636213e-08
2.856688315848014,,0.0011935972608513338,,3.4950989981207724e-08
2.8566693721522274,,0.0011937301616558905,,3.4951377781779234e-08
2.8566504284564407,,0.0011938908038199708,,3.4951765582350744e-08
2.8566314847606535,,0.0011940514459840548,,3.495215338292226e-08
2.856612541064867,,0.001194212088148135,,3.495254118349377e-08
2.85659359736908,,0.0011943727303122152,,3.495292898406528e-08
2.8565746536732934,,0.0011945333724762955,,3.495331678463679e-08
2.8565557099775063,,0.0011946940146403795,,3.4953704585208315e-08
2.8565367662817196,,0.0011948546568044595,,3.4954092385779825e-08
2.856517822585933,,0.0011950152989685398,,3.4954480186351335e-08
2.856498878890146,,0.00119517594113262,,3.4954867986922846e-08
2.856479935194359,,0.0011953365832967039,,3.495525578749436e-08
2.8564609914985724,,0.0011954972254607842,,3.495564358806587e-08
2.8564420478027857,,0.0011956578676248645,,3.495603138863738e-08
2.856423104106999,,0.0011958185097889445,,3.495641918920889e-08
2.856404160411212,,0.0011959791519530285,,3.4956806989780416e-08
2.856385216715425,,0.0011961397941171088,,3.4957194790351927e-08
2.8563662730196384,,0.001196300436281189,,3.495758259092344e-08
2.8563473293238517,,0.0011964610784452692,,3.495797039149495e-08
2.8563283856280646,,0.0011966217206093531,,3.4958358192066464e-08
2.856309441932278,,0.0011967823627734334,,3.4958745992637974e-08
2.856290498236491,,0.0011969430049375137,,3.4959133793209484e-08
2.8562715545407045,,0.0011971036471015938,,3.4959521593780995e-08
2.8562526108449173,,0.0011972642892656778,,3.495990939435252e-08
2.8562336671491306,,0.001197424931429758,,3.496029719492403e-08
2.856214723453344,,0.0011975855735938382,,3.496068499549554e-08
2.8561957797575572,,0.0011977462157579184,,3.496107279606705e-08
2.85617683606177,,0.0011979068579220024,,3.4961460596638565e-08
2.8561578923659834,,0.0011980675000860827,,3.4961848397210076e-08
2.8561389486701967,,0.0011982281422501628,,3.4962236197781586e-08
2.85612000497441,,0.001198388784414243,,3.4962623998353096e-08
2.856101061278623,,0.001198549426578327,,3.496301179892461e-08
2.856082117582836,,0.0011987100687424073,,3.496339959949612e-08
2.8560631738870494,,0.0011988707109064874,,3.496378740006763e-08
2.8560442301912627,,0.0011990313530705677,,3.4964175200639143e-08
2.8560252864954756,,0.0011991919952346517,,3.496456300121067e-08
2.856006342799689,,0.0011993526373987318,,3.496495080178218e-08
2.855987399103902,,0.001199513279562812,,3.496533860235369e-08
2.8559684554081155,,0.0011996739217268924,,3.49657264029252e-08
2.8559495117123284,,0.0011998345638909763,,3.4966114203496714e-08
2.8559305680165417,,0.0011999952060550564,,3.4966502004068225e-08
2.855911624320755,,0.0012001558482191367,,3.4966889804639735e-08
2.8558926806249683,,0.001200316490383217,,3.4967277605211245e-08
2.855873736929181,,0.001200477132547301,,3.496766540578277e-08
2.8558547932333944,,0.001200637774711381,,3.496805320635428e-08
2.8558358495376077,,0.0012007984168754613,,3.496844100692579e-08
2.855816905841821,,0.0012009590590395414,,3.49688288074973e-08
2.855797962146034,,0.0012011197012036254,,3.4969216608068816e-08
2.855779018450247,,0.0012012803433677057,,3.4969604408640326e-08
2.8557600747544605,,0.001201440985531786,,3.4969992209211836e-08
2.8557411310586738,,0.001201601627695866,,3.4970380009783347e-08
2.8557221873628866,,0.00120176226985995,,3.497076781035487e-08
2.8557032436671,,0.0012016371916747227,,3.497115561092638e-08
2.8556842999713132,,0.0012014343810580164,,3.497154341149789e-08
2.8556653562755265,,0.0012012315704413104,,3.49719312120694e-08
2.8556464125797394,,0.0012010287598245993,,3.497231901264092e-08
2.8556274688839527,,0.001200825949207893,,3.497270681321243e-08
2.855608525188166,,0.0012006231385911868,,3.497309461378394e-08
2.8555895814923793,,0.0012004203279744807,,3.497348241435545e-08
2.855570637796592,,0.0012002175173577696,,3.4973870214926965e-08
2.8555516941008054,,0.0012000147067410634,,3.4974258015498475e-08
2.8555327504050187,,0.0011998118961243573,,3.4974645816069985e-08
2.855513806709232,,0.001199609085507651,,3.4975033616641495e-08
2.855494863013445,,0.00119940627489094,,3.497542141721302e-08
2.855475919317658,,0.0011992034642742339,,3.497580921778453e-08
2.8554569756218715,,0.0011990006536575276,,3.497619701835604e-08
2.855438031926085,,0.0011987978430408213,,3.497658481892755e-08
2.8554190882302977,,0.0011985950324241103,,3.4976972619499066e-08
2.855400144534511,,0.0011983922218074042,,3.4977360420070577e-08
2.8553812008387243,,0.001198189411190698,,3.497774822064209e-08
2.8553622571429376,,0.0011979866005739916,,3.49781360212136e-08
2.8553433134471504,,0.0011977837899572808,,3.497852382178512e-08
2.8553243697513637,,0.0011975809793405745,,3.497891162235663e-08
2.855305426055577,,0.0011973781687238682,,3.497929942292814e-08
2.8552864823597903,,0.001197175358107162,,3.497968722349965e-08
2.855267538664003,,0.0011969725474904511,,3.498007502407117e-08
2.8552485949682165,,0.0011967697368737448,,3.498046282464268e-08
2.85522965127243,,0.0011965669262570386,,3.498085062521419e-08
2.855210707576643,,0.0011963641156403325,,3.49812384257857e-08
2.855191763880856,,0.0011961613050236214,,3.498162622635722e-08
2.8551728201850692,,0.0011959584944069152,,3.498201402692873e-08
2.8551538764892825,,0.0011957556837902089,,3.498240182750024e-08
2.855134932793496,,0.0011955528731735028,,3.498278962807175e-08
2.8551159890977087,,0.0011953500625567917,,3.498317742864327e-08
2.855097045401922,,0.0011951472519400855,,3.498356522921478e-08
2.8550781017061353,,0.0011949444413233794,,3.498395302978629e-08
2.8550591580103486,,0.0011947416307066731,,3.49843408303578e-08
2.8550402143145615,,0.001194538820089962,,3.498472863092932e-08
2.8550212706187748,,0.001194336009473256,,3.498511643150083e-08
2.855002326922988,,0.0011941331988565497,,3.498550423207234e-08
2.8549833832272014,,0.0011939303882398434,,3.498589203264385e-08
2.854964439531414,,0.0011937275776231324,,3.498627983321537e-08
2.8549454958356275,,0.0011935247670064263,,3.498666763378688e-08
2.854926552139841,,0.00119332195638972,,3.498705543435839e-08
2.854907608444054,,0.0011931191457730137,,3.49874432349299e-08
2.854888664748267,,0.001192916335156303,,3.498783103550142e-08
2.8548697210524803,,0.0011927135245395966,,3.498821883607293e-08
2.8548507773566936,,0.0011925107139228903,,3.498860663664444e-08
2.854831833660907,,0.001192307903306184,,3.498899443721595e-08
2.8548128899651197,,0.0011921050926894732,,3.498938223778747e-08
2.854793946269333,,0.001191902282072767,,3.498977003835898e-08
2.8547750025735463,,0.0011916994714560607,,3.499015783893049e-08
2.8547560588777596,,0.0011914966608393546,,3.4990545639502e-08
2.8547371151819725,,0.0011911462186043776,,3.499093344007352e-08
2.854718171486186,,0.001190732808254955,,3.499132124064503e-08
2.854699227790399,,0.0011903193979055328,,3.499170904121654e-08
2.8546802840946124,,0.0011899059875561105,,3.499209684178805e-08
2.8546613403988252,,0.0011894925772066784,,3.4992484642359574e-08
2.8546423967030385,,0.001189079166857256,,3.4992872442931084e-08
2.854623453007252,,0.0011886657565078338,,3.4993260243502594e-08
2.854604509311465,,0.0011882523461584115,,3.4993648044074105e-08
2.854585565615678,,0.0011878389358089794,,3.499403584464562e-08
2.8545666219198913,,0.0011874255254595571,,3.499442364521713e-08
2.8545476782241046,,0.0011870121151101346,,3.499481144578864e-08
2.854528734528318,,0.0011865987047607123,,3.499519924636015e-08
2.8545097908325308,,0.0011861852944112803,,3.499558704693167e-08
2.854490847136744,,0.001185771884061858,,3.499597484750318e-08
2.8544719034409574,,0.0011853584737124357,,3.499636264807469e-08
2.8544529597451707,,0.0011849450633630134,,3.49967504486462e-08
2.8544340160493835,,0.0011845316530135813,,3.499713824921772e-08
2.854415072353597,,0.001184118242664159,,3.499752604978923e-08
2.85439612865781,,0.0011837048323147365,,3.4997913850360743e-08
2.8543771849620234,,0.0011832914219653142,,3.4998301650932254e-08
2.8543582412662363,,0.0011828780116158821,,3.499868945150377e-08
2.8543392975704496,,0.0011824646012664598,,3.499907725207528e-08
2.854320353874663,,0.0011820511909170375,,3.499946505264679e-08
2.854301410178876,,0.0011816377805676152,,3.49998528532183e-08
2.854282466483089,,0.0011812243702181832,,3.5000240653789824e-08
2.8542635227873023,,0.0011808109598687609,,3.5000628454361335e-08
2.8542445790915156,,0.0011803975495193386,,3.5001016254932845e-08
2.854225635395729,,0.001179984139169916,,3.5001404055504355e-08
2.854206691699942,,0.001179570728820484,,3.500179185607587e-08
2.854187748004155,,0.0011791573184710617,,3.500217965664738e-08
2.8541688043083684,,0.0011787439081216394,,3.500256745721889e-08
2.8541498606125817,,0.0011783304977722171,,3.50029552577904e-08
2.8541309169167945,,0.001177917087422785,,3.5003343058361926e-08
2.854111973221008,,0.0011775036770733628,,3.5003730858933436e-08
2.854093029525221,,0.0011770902667239405,,3.5004118659504946e-08
2.8540740858294344,,0.001176676856374518,,3.5004506460076457e-08
2.8540551421336473,,0.001176263446025086,,3.5004894260647973e-08
2.8540361984378606,,0.0011758500356756636,,3.5005282061219484e-08
2.854017254742074,,0.0011754366253262413,,3.5005669861790994e-08
2.853998311046287,,0.001175023214976819,,3.5006057662362504e-08
2.8539793673505,,0.001174609804627387,,3.500644546293402e-08
2.8539604236547134,,0.0011741963942779646,,3.500683326350553e-08
2.8539414799589267,,0.0011737829839285423,,3.500722106407704e-08
2.85392253626314,,0.0011733695735791198,,3.500760886464855e-08
2.853903592567353,,0.001172956163229688,,3.5007996665220075e-08
2.853884648871566,,0.0011725427528802655,,3.5008384465791585e-08
2.8538657051757794,,0.0011721293425308432,,3.5008772266363095e-08
2.8538467614799927,,0.0011717159321814209,,3.5009160066934606e-08
2.8538278177842056,,0.0011713025218319888,,3.500954786750612e-08
2.853808874088419,,0.0011708891114825665,,3.500993566807763e-08
2.853789930392632,,0.0011704757011331442,,3.501032346864914e-08
2.8537709866968455,,0.0011703060665701453,,3.501071126922065e-08
2.8537520430010583,,0.0011702884709208648,,3.5011099069792176e-08
2.8537330993052716,,0.0011702708752715848,,3.5011486870363687e-08
2.853714155609485,,0.0011702532796223047,,3.50118746709352e-08
2.8536952119136982,,0.0011702356839730246,,3.501226247150671e-08
2.853676268217911,,0.0011702180883237444,,3.5012650272078224e-08
2.8536573245221244,,0.0011702004926744643,,3.5013038072649734e-08
2.8536383808263377,,0.0011701828970251842,,3.5013425873221244e-08
2.853619437130551,,0.0011701653013759042,,3.5013813673792755e-08
2.853600493434764,,0.001170147705726624,,3.501420147436428e-08
2.853581549738977,,0.0011701301100773439,,3.501458927493579e-08
2.8535626060431905,,0.0011701125144280638,,3.50149770755073e-08
2.8535436623474038,,0.0011700949187787837,,3.501536487607881e-08
2.8535247186516166,,0.0011700773231295035,,3.5015752676650325e-08
2.85350577495583,,0.0011700597274802234,,3.5016140477221836e-08
2.853486831260043,,0.0011700421318309433,,3.5016528277793346e-08
2.8534678875642565,,0.0011700245361816633,,3.5016916078364856e-08
2.8534489438684694,,0.001170006940532383,,3.501730387893637e-08
2.8534300001726827,,0.001169989344883103,,3.501769167950788e-08
2.853411056476896,,0.0011699717492338229,,3.501807948007939e-08
2.8533921127811093,,0.0011699541535845428,,3.5018467280650903e-08
2.853373169085322,,0.0011699365579352626,,3.501885508122243e-08
2.8533542253895354,,0.0011699189622859825,,3.501924288179394e-08
2.8533352816937487,,0.0011699013666367024,,3.501963068236545e-08
2.853316337997962,,0.0011698837709874224,,3.502001848293696e-08
2.853297394302175,,0.001169866175338142,,3.5020406283508474e-08
2.853278450606388,,0.001169848579688862,,3.5020794084079985e-08
2.8532595069106015,,0.001169830984039582,,3.5021181884651495e-08
2.853240563214815,,0.001169813388390302,,3.5021569685223005e-08
2.8532216195190276,,0.0011697957927410214,,3.502195748579453e-08
2.853202675823241,,0.0011697781970917416,,3.502234528636604e-08
2.8531837321274542,,0.0011697606014424615,,3.502273308693755e-08
2.8531647884316675,,0.0011697430057931815,,3.502312088750906e-08
2.8531458447358804,,0.001169725410143901,,3.5023508688080576e-08
2.8531269010400937,,0.0011697078144946211,,3.5023896488652086e-08
2.853107957344307,,0.001169690218845341,,3.5024284289223596e-08
2.8530890136485203,,0.001169672623196061,,3.5024672089795107e-08
2.853070069952733,,0.0011696550275467805,,3.502505989036663e-08
2.8530511262569465,,0.0011696374318975007,,3.502544769093814e-08
2.8530321825611598,,0.0011696198362482206,,3.502583549150965e-08
2.853013238865373,,0.0011696022405989406,,3.502622329208116e-08
2.852994295169586,,0.00116958464494966,,3.502661109265268e-08
2.852975351473799,,0.0011695670493003802,,3.502699889322419e-08
2.8529564077780125,,0.0011695494536511002,,3.50273866937957e-08
2.852937464082226,,0.0011695318580018201,,3.502777449436721e-08
2.8529185203864387,,0.0011695142623525396,,3.5028162294938725e-08
2.852899576690652,,0.0011694966667032596,,3.5028550095510235e-08
2.8528806329948653,,0.0011694790710539797,,3.5028937896081745e-08
2.8528616892990786,,0.0011694614754046997,,3.5029325696653255e-08
2.8528427456032914,,0.0011694438797554192,,3.502971349722478e-08
2.8528238019075047,,0.001169426284106139,,3.503010129779629e-08
2.852804858211718,,0.0011695170908558223,,3.50304890983678e-08
2.8527859145159313,,0.0011697037345869807,,3.503087689893931e-08
2.852766970820144,,0.0011698903783181436,,3.5031264699510826e-08
2.8527480271243575,,0.001170077022049302,,3.5031652500082337e-08
2.852729083428571,,0.0011702636657804607,,3.503204030065385e-08
2.852710139732784,,0.001170450309511619,,3.503242810122536e-08
2.852691196036997,,0.0011706369532427819,,3.503281590179688e-08
2.8526722523412102,,0.0011708235969739404,,3.503320370236839e-08
2.8526533086454235,,0.001171010240705099,,3.50335915029399e-08
2.852634364949637,,0.0011711968844362573,,3.503397930351141e-08
2.8526154212538497,,0.0011713835281674202,,3.503436710408293e-08
2.852596477558063,,0.0011715701718985787,,3.503475490465444e-08
2.8525775338622763,,0.0011717568156297373,,3.503514270522595e-08
2.8525585901664896,,0.0011719434593608956,,3.503553050579746e-08
2.8525396464707025,,0.0011721301030920585,,3.503591830636898e-08
2.8525207027749158,,0.001172316746823217,,3.503630610694049e-08
2.852501759079129,,0.0011725033905543754,,3.5036693907512e-08
2.8524828153833424,,0.001172690034285534,,3.503708170808351e-08
2.852463871687555,,0.0011728766780166968,,3.503746950865503e-08
2.8524449279917685,,0.0011730633217478554,,3.503785730922654e-08
2.852425984295982,,0.0011732499654790137,,3.503824510979805e-08
2.852407040600195,,0.0011734366092101722,,3.503863291036956e-08
2.852388096904408,,0.0011736232529413351,,3.503902071094108e-08
2.8523691532086213,,0.0011738098966724937,,3.503940851151259e-08
2.8523502095128346,,0.001173996540403652,,3.50397963120841e-08
2.852331265817048,,0.0011741831841348106,,3.504018411265561e-08
2.8523123221212607,,0.0011743698278659735,,3.504057191322713e-08
2.852293378425474,,0.001174556471597132,,3.504095971379864e-08
2.8522744347296873,,0.0011747431153282903,,3.504134751437015e-08
2.8522554910339006,,0.0011749297590594489,,3.504173531494166e-08
2.852236547338114,,0.0011751164027906074,,3.504212311551317e-08
2.852217603642327,,0.0011753030465217703,,3.504251091608469e-08
2.85219865994654,,0.0011754896902529286,,3.50428987166562e-08
2.8521797162507534,,0.0011756763339840872,,3.504328651722771e-08
2.8521607725549667,,0.0011758629777152457,,3.504367431779922e-08
2.8521418288591796,,0.0011760496214464086,,3.504406211837074e-08
2.852122885163393,,0.001176236265177567,,3.504444991894225e-08
2.852103941467606,,0.0011764229089087255,,3.504483771951376e-08
2.8520849977718195,,0.001176609552639884,,3.504522552008527e-08
2.8520660540760323,,0.001176796196371047,,3.504561332065679e-08
2.8520471103802456,,0.0011769828401022053,,3.50460011212283e-08
2.852028166684459,,0.0011771694838333638,,3.504638892179981e-08
2.852009222988672,,0.0011773561275645224,,3.504677672237132e-08
2.851990279292885,,0.0011775427712956853,,3.5047164522942844e-08
2.8519713355970984,,0.0011777294150268436,,3.5047552323514354e-08
2.8519523919013117,,0.0011779160587580021,,3.5047940124085865e-08
2.851933448205525,,0.0011781027024891607,,3.5048327924657375e-08
2.851914504509738,,0.0011782893462203236,,3.504871572522889e-08
2.851895560813951,,0.001178475989951482,,3.50491035258004e-08
2.8518766171181644,,0.0011786626336826405,,3.504949132637191e-08
2.8518576734223777,,0.001178849277413799,,3.504987912694342e-08
2.8518387297265906,,0.0011788957934615028,,3.505026692751494e-08
2.851819786030804,,0.0011787679953153077,,3.505065472808645e-08
2.851800842335017,,0.0011786401971691123,,3.505104252865796e-08
2.8517818986392305,,0.001178512399022917,,3.505143032922947e-08
2.8517629549434433,,0.0011783846008767188,,3.505181812980099e-08
2.8517440112476566,,0.0011782568027305235,,3.5052205930372503e-08
2.85172506755187,,0.0011781290045843281,,3.5052593730944014e-08
2.8517061238560832,,0.001178001206438133,,3.5052981531515524e-08
2.851687180160296,,0.0011778734082919346,,3.505336933208704e-08
2.8516682364645094,,0.0011777456101457395,,3.505375713265855e-08
2.8516492927687227,,0.0011776178119995442,,3.505414493323006e-08
2.851630349072936,,0.0011774900138533488,,3.505453273380157e-08
2.851611405377149,,0.0011773622157071506,,3.5054920534373095e-08
2.851592461681362,,0.0011772344175609553,,3.5055308334944605e-08
2.8515735179855755,,0.0011771066194147602,,3.5055696135516115e-08
2.8515545742897888,,0.0011769788212685648,,3.5056083936087625e-08
2.8515356305940016,,0.0011768510231223667,,3.505647173665914e-08
2.851516686898215,,0.0011767232249761713,,3.505685953723065e-08
2.851497743202428,,0.001176595426829976,,3.505724733780216e-08
2.8514787995066415,,0.0011764676286837809,,3.505763513837367e-08
2.8514598558108544,,0.0011763398305375825,,3.5058022938945196e-08
2.8514409121150677,,0.0011762120323913874,,3.5058410739516706e-08
2.851421968419281,,0.001176084234245192,,3.5058798540088217e-08
2.8514030247234943,,0.0011759564360989967,,3.505918634065973e-08
2.851384081027707,,0.0011758286379527985,,3.5059574141231244e-08
2.8513651373319204,,0.0011757008398066032,,3.5059961941802754e-08
2.8513461936361337,,0.001175573041660408,,3.5060349742374264e-08
2.851327249940347,,0.0011754452435142127,,3.5060737542945774e-08
2.85130830624456,,0.0011753174453680145,,3.506112534351729e-08
2.851289362548773,,0.0011751896472218192,,3.50615131440888e-08
2.8512704188529865,,0.0011750618490756239,,3.506190094466031e-08
2.8512514751572,,0.0011749340509294287,,3.506228874523182e-08
2.8512325314614126,,0.0011748062527832304,,3.5062676545803345e-08
2.851213587765626,,0.0011746784546370352,,3.5063064346374855e-08
2.8511946440698392,,0.0011745506564908399,,3.5063452146946366e-08
2.8511757003740525,,0.0011744228583446445,,3.5063839947517876e-08
2.8511567566782654,,0.0011742950601984464,,3.506422774808939e-08
2.8511378129824787,,0.001174167262052251,,3.50646155486609e-08
2.851118869286692,,0.001174039463906056,,3.506500334923241e-08
2.8510999255909053,,0.0011739116657598606,,3.506539114980392e-08
2.851080981895118,,0.0011737838676136622,,3.5065778950375447e-08
2.8510620381993315,,0.001173656069467467,,3.506616675094696e-08
2.8510430945035448,,0.0011735282713212717,,3.506655455151847e-08
2.851024150807758,,0.0011734004731750766,,3.506694235208998e-08
2.851005207111971,,0.0011732726750288782,,3.5067330152661494e-08
2.850986263416184,,0.0011731448768826829,,3.5067717953233004e-08
2.8509673197203975,,0.0011730170787364878,,3.5068105753804515e-08
2.850948376024611,,0.0011728892805902924,,3.5068493554376025e-08
2.8509294323288237,,0.0011727614824440943,,3.506888135494755e-08
2.850910488633037,,0.001172633684297899,,3.506926915551906e-08
2.8508915449372503,,0.0011725058861517036,,3.506965695609057e-08
2.8508726012414636,,0.001172543147101686,,3.507004475666208e-08
2.8508536575456764,,0.0011728577445856642,,3.5070432557233596e-08
2.8508347138498897,,0.001173172342069635,,3.5070820357805106e-08
2.850815770154103,,0.0011734869395536058,,3.5071208158376616e-08
2.8507968264583163,,0.0011738015370375767,,3.5071595958948126e-08
2.850777882762529,,0.001174116134521555,,3.507198375951964e-08
2.8507589390667425,,0.0011744307320055256,,3.507237156009115e-08
2.850739995370956,,0.0011747453294894965,,3.5072759360662664e-08
2.850721051675169,,0.0011750599269734672,,3.5073147161234174e-08
2.850702107979382,,0.0011753745244574454,,3.50735349618057e-08
2.8506831642835953,,0.0011756891219414163,,3.507392276237721e-08
2.8506642205878086,,0.001176003719425387,,3.507431056294872e-08
2.850645276892022,,0.001176318316909358,,3.507469836352023e-08
2.8506263331962347,,0.001176632914393336,,3.5075086164091745e-08
2.850607389500448,,0.0011769475118773068,,3.5075473964663255e-08
2.8505884458046613,,0.0011772621093612777,,3.5075861765234765e-08
2.8505695021088746,,0.0011775767068452484,,3.5076249565806275e-08
2.8505505584130875,,0.0011778913043292267,,3.50766373663778e-08
2.8505316147173008,,0.0011782059018131976,,3.507702516694931e-08
2.850512671021514,,0.0011785204992971682,,3.507741296752082e-08
2.8504937273257274,,0.0011788350967811391,,3.507780076809233e-08
2.8504747836299402,,0.0011791496942651172,,3.5078188568663846e-08
2.8504558399341535,,0.001179464291749088,,3.5078576369235356e-08
2.850436896238367,,0.001179778889233059,,3.5078964169806867e-08
2.85041795254258,,0.0011800934867170296,,3.507935197037838e-08
2.850399008846793,,0.001180408084201008,,3.50797397709499e-08
2.8503800651510063,,0.0011807226816849786,,3.508012757152141e-08
2.8503611214552196,,0.0011810372791689495,,3.508051537209292e-08
2.850342177759433,,0.0011813518766529204,,3.508090317266443e-08
2.8503232340636457,,0.0011816664741368984,,3.508129097323595e-08
2.850304290367859,,0.0011819810716208693,,3.508167877380746e-08
2.8502853466720723,,0.0011822956691048402,,3.508206657437897e-08
2.8502664029762856,,0.0011826102665888109,,3.508245437495048e-08
2.8502474592804985,,0.0011829248640727891,,3.5082842175521995e-08
2.850228515584712,,0.0011832394615567598,,3.5083229976093505e-08
2.850209571888925,,0.0011835540590407307,,3.5083617776665016e-08
2.8501906281931384,,0.0011838686565247016,,3.5084005577236526e-08
2.8501716844973513,,0.0011841832540086797,,3.508439337780805e-08
2.8501527408015646,,0.0011844978514926505,,3.508478117837956e-08
2.850133797105778,,0.0011848124489766212,,3.508516897895107e-08
2.850114853409991,,0.0011851270464605921,,3.508555677952258e-08
2.850095909714204,,0.0011854416439445704,,3.5085944580094097e-08
2.8500769660184173,,0.001185756241428541,,3.508633238066561e-08
2.8500580223226306,,0.001186070838912512,,3.508672018123712e-08
2.850039078626844,,0.0011863854363964828,,3.508710798180863e-08
2.8500201349310568,,0.0011867000338804609,,3.508749578238015e-08
2.85000119123527,,0.0011870146313644318,,3.508788358295166e-08
2.8499822475394834,,0.0011873292288484025,,3.508827138352317e-08
2.8499633038436967,,0.0011876438263323733,,3.508865918409468e-08
2.8499443601479095,,0.0011879584238163516,,3.50890469846662e-08
2.849925416452123,,0.0011882730213003223,,3.508943478523771e-08
2.849906472756336,,0.0011860939391084646,,3.508982258580922e-08
2.8498875290605494,,0.0011777493491311763,,3.509021038638073e-08
2.8498685853647623,,0.0011694047591536921,,3.509059818695225e-08
2.8498496416689756,,0.0011610601691764036,,3.509098598752376e-08
2.849830697973189,,0.0011527155791991152,,3.509137378809527e-08
2.849811754277402,,0.0011443709892218269,,3.509176158866678e-08
2.849792810581615,,0.0011360263992443427,,3.50921493892383e-08
2.8497738668858283,,0.0011276818092670541,,3.509253718980981e-08
2.8497549231900416,,0.0011193372192897658,,3.509292499038132e-08
2.849735979494255,,0.0011109926293124774,,3.509331279095283e-08
2.849717035798468,,0.0011026480393349933,,3.509370059152435e-08
2.849698092102681,,0.0010943034493577047,,3.509408839209586e-08
2.8496791484068944,,0.0010859588593804164,,3.509447619266737e-08
2.8496602047111077,,0.001077614269403128,,3.509486399323888e-08
2.8496412610153206,,0.0010692696794256439,,3.50952517938104e-08
2.849622317319534,,0.0010609250894483553,,3.509563959438191e-08
2.849603373623747,,0.001052580499471067,,3.509602739495342e-08
2.8495844299279605,,0.0010442359094937786,,3.509641519552493e-08
2.8495654862321733,,0.0010358913195162944,,3.509680299609645e-08
2.8495465425363866,,0.0010275467295390059,,3.509719079666796e-08
2.8495275988406,,0.0010192021395617175,,3.509757859723947e-08
2.849508655144813,,0.0010108575495844292,,3.509796639781098e-08
2.849489711449026,,0.001002512959606945,,3.50983541983825e-08
2.8494707677532394,,0.0009941683696296564,,3.509874199895401e-08
2.8494518240574527,,0.000985823779652368,,3.509912979952552e-08
2.849432880361666,,0.0009774791896750797,,3.509951760009703e-08
2.849413936665879,,0.0009691345996975956,,3.509990540066855e-08
2.849394992970092,,0.0009607900097203071,,3.510029320124006e-08
2.8493760492743054,,0.0009524454197430187,,3.510068100181157e-08
2.8493571055785187,,0.0009441008297657302,,3.510106880238308e-08
2.8493381618827316,,0.0009357562397882462,,3.5101456602954604e-08
2.849319218186945,,0.0009274116498109577,,3.5101844403526114e-08
2.849300274491158,,0.0009190670598336692,,3.5102232204097625e-08
2.8492813307953715,,0.0009107224698563808,,3.5102620004669135e-08
2.8492623870995843,,0.0009023778798788967,,3.510300780524065e-08
2.8492434434037976,,0.0008940332899016083,,3.510339560581216e-08
2.849224499708011,,0.0008856886999243198,,3.510378340638367e-08
2.8492055560122242,,0.0008773441099470314,,3.510417120695518e-08
2.849186612316437,,0.0008689995199695473,,3.51045590075267e-08
2.8491676686206504,,0.0008606549299922589,,3.510494680809821e-08
2.8491487249248637,,0.0008523103400149704,,3.510533460866972e-08
2.849129781229077,,0.0008439657500376819,,3.510572240924123e-08
2.84911083753329,,0.0008356211600601979,,3.510611020981275e-08
2.849091893837503,,0.0008272765700829094,,3.5106498010384263e-08
2.8490729501417165,,0.000818931980105621,,3.5106885810955774e-08
2.8490540064459298,,0.0008105873901283325,,3.5107273611527284e-08
2.8490350627501426,,0.0008022428001508485,,3.51076614120988e-08
2.849016119054356,,0.00079389821017356,,3.510804921267031e-08
2.8489971753585692,,0.0007855536201962715,,3.510843701324182e-08
2.8489782316627825,,0.0007772090302189831,,3.510882481381333e-08
2.8489592879669954,,0.000768864440241499,,3.5109212614384855e-08
2.8489403442712087,,0.0007639088986648303,,3.5109600414956365e-08
2.848921400575422,,0.0007722707588205969,,3.5109988215527875e-08
2.8489024568796353,,0.0007806326189763634,,3.5110376016099385e-08
2.848883513183848,,0.0007889944791323259,,3.51107638166709e-08
2.8488645694880614,,0.0007973563392880926,,3.511115161724241e-08
2.8488456257922747,,0.0008057181994438591,,3.511153941781392e-08
2.848826682096488,,0.0008140800595996256,,3.511192721838543e-08
2.848807738400701,,0.0008224419197555882,,3.5112315018956956e-08
2.848788794704914,,0.0008308037799113548,,3.5112702819528466e-08
2.8487698510091275,,0.0008391656400671213,,3.5113090620099977e-08
2.848750907313341,,0.0008475275002228879,,3.511347842067149e-08
2.8487319636175537,,0.0008558893603788505,,3.5113866221243004e-08
2.848713019921767,,0.000864251220534617,,3.5114254021814514e-08
2.8486940762259803,,0.0008726130806903836,,3.5114641822386024e-08
2.8486751325301936,,0.0008809749408461502,,3.5115029622957534e-08
2.8486561888344064,,0.0008893368010021127,,3.511541742352905e-08
2.8486372451386197,,0.0008976986611578793,,3.511580522410056e-08
2.848618301442833,,0.0009060605213136459,,3.511619302467207e-08
2.8485993577470463,,0.0009144223814694124,,3.5117083763607176e-08
2.848580414051259,,0.0009227842416253749,,3.5118058188855885e-08
2.8485614703554725,,0.0009311461017811416,,3.511903261410457e-08
2.8485425266596858,,0.0009395079619369081,,3.512000703935326e-08
2.848523582963899,,0.0009478698220926746,,3.5120981464601944e-08
2.848504639268112,,0.0009562316822486372,,3.512195588985065e-08
2.8484856955723252,,0.0009645935424044038,,3.512293031509934e-08
2.8484667518765385,,0.0009729554025601704,,3.512390474034802e-08
2.848447808180752,,0.000981317262715937,,3.512487916559671e-08
2.8484288644849647,,0.0009896791228718995,,3.512585359084542e-08
2.848409920789178,,0.000998040983027666,,3.51268280160941e-08
2.8483909770933913,,0.0010064028431834326,,3.512780244134279e-08
2.8483720333976046,,0.0010147647033391992,,3.512877686659148e-08
2.8483530897018174,,0.0010231265634951616,,3.512975129184019e-08
2.8483341460060307,,0.0010314884236509283,,3.513072571708887e-08
2.848315202310244,,0.0010398502838066949,,3.513170014233756e-08
2.8482962586144573,,0.0010482121439624615,,3.513267456758624e-08
2.84827731491867,,0.001056574004118424,,3.513364899283495e-08
2.8482583712228835,,0.0010649358642741906,,3.5134623418083636e-08
2.848239427527097,,0.0010732977244299572,,3.513559784333232e-08
2.84822048383131,,0.0010816595845857236,,3.513657226858101e-08
2.848201540135523,,0.0010900214447416862,,3.5137546693829715e-08
2.8481825964397363,,0.0010983833048974529,,3.5138521119078404e-08
2.8481636527439496,,0.0011067451650532193,,3.5139495544327086e-08
2.848144709048163,,0.0011151070252089859,,3.5140469969575774e-08
2.8481257653523757,,0.0011234688853649485,,3.514144439482448e-08
2.848106821656589,,0.001131830745520715,,3.5142418820073165e-08
2.8480878779608023,,0.0011401926056764816,,3.514339324532185e-08
2.8480689342650156,,0.0011485544658322482,,3.514436767057054e-08
2.8480499905692285,,0.0011569163259882108,,3.514534209581925e-08
2.8480310468734418,,0.0011652781861439772,,3.514631652106793e-08
2.848012103177655,,0.0011736400462997439,,3.514729094631662e-08
2.8479931594818684,,0.0011820019064555105,,3.51482653715653e-08
2.8479742157860812,,0.0011893883225236066,,3.514923979681401e-08
2.8479552720902945,,0.0011894652110920807,,3.51502142220627e-08
2.847936328394508,,0.0011895420996605548,,3.515118864731138e-08
2.847917384698721,,0.001189618988229029,,3.515216307256007e-08
2.847898441002934,,0.0011896958767975048,,3.515313749780878e-08
2.8478794973071473,,0.001189772765365979,,3.515411192305747e-08
2.8478605536113606,,0.001189849653934453,,3.515508634830615e-08
2.847841609915574,,0.0011899265425029271,,3.515606077355484e-08
2.8478226662197867,,0.001190003431071403,,3.5157035198803546e-08
2.847803722524,,0.0011900803196398771,,3.515800962405223e-08
2.8477847788282133,,0.0011901572082083514,,3.5158984049300916e-08
2.8477658351324266,,0.0011902340967768256,,3.51599584745496e-08
2.8477468914366395,,0.0011903109853453014,,3.516093289979831e-08
2.847727947740853,,0.0011903878739137755,,3.5161907325046995e-08
2.847709004045066,,0.0011904647624822497,,3.5162881750295684e-08
2.8476900603492794,,0.0011905416510507238,,3.5163856175544366e-08
2.8476711166534923,,0.0011906185396191996,,3.5164830600793074e-08
2.8476521729577056,,0.0011906954281876738,,3.516580502604176e-08
2.847633229261919,,0.0011907723167561479,,3.5166779451290445e-08
2.847614285566132,,0.001190849205324622,,3.516775387653913e-08
2.847595341870345,,0.001190926093893098,,3.516872830178784e-08
2.8475763981745583,,0.0011910029824615722,,3.516970272703653e-08
2.8475574544787716,,0.0011910798710300463,,3.517067715228521e-08
2.847538510782985,,0.0011911567595985204,,3.51716515775339e-08
2.847519567087198,,0.0011912336481669963,,3.517262600278261e-08
2.847500623391411,,0.0011913105367354704,,3.517360042803129e-08
2.8474816796956244,,0.0011913874253039445,,3.517457485327998e-08
2.8474627359998377,,0.0011914643138724187,,3.517554927852866e-08
2.8474437923040505,,0.0011915412024408947,,3.5176523703777376e-08
2.847424848608264,,0.0011916180910093689,,3.517749812902606e-08
2.847405904912477,,0.001191694979577843,,3.517847255427475e-08
2.8473869612166904,,0.001191771868146317,,3.517944697952343e-08
2.8473680175209033,,0.001191848756714793,,3.518042140477214e-08
2.8473490738251166,,0.001191925645283267,,3.5181395830020826e-08
2.84733013012933,,0.0011920025338517412,,3.518237025526951e-08
2.847311186433543,,0.0011920794224202153,,3.5183344680518196e-08
2.847292242737756,,0.0011921563109886914,,3.5184319105766905e-08
2.8472732990419694,,0.0011922331995571655,,3.5185293531015593e-08
2.8472543553461827,,0.0011923100881256396,,3.5186267956264275e-08
2.847235411650396,,0.0011923869766941137,,3.5187242381512964e-08
2.847216467954609,,0.0011924638652625896,,3.518821680676167e-08
2.847197524258822,,0.0011925407538310637,,3.5189191232010354e-08
2.8471785805630354,,0.0011926176423995378,,3.519016565725904e-08
2.8471596368672487,,0.001192694530968012,,3.5191140082507725e-08
2.8471406931714616,,0.0011927714195364878,,3.519211450775643e-08
2.847121749475675,,0.0011928483081049622,,3.519308893300512e-08
2.847102805779888,,0.0011929251966734363,,3.519406335825381e-08
2.8470838620841015,,0.0011930020852419104,,3.519503778350249e-08
2.8470649183883143,,0.0011930789738103863,,3.51960122087512e-08
2.8470459746925276,,0.0011931558623788604,,3.519698663399989e-08
2.847027030996741,,0.0011932327509473345,,3.519796105924857e-08
2.8470080873009542,,0.0011932918074007883,,3.519893548449726e-08
2.846989143605167,,0.001192974180949832,,3.519990990974597e-08
2.8469701999093804,,0.0011926565544988833,,3.5200884334994657e-08
2.8469512562135937,,0.0011923389280479345,,3.520185876024334e-08
2.846932312517807,,0.0011920213015969858,,3.520283318549203e-08
2.84691336882202,,0.0011917036751460295,,3.5203807610740735e-08
2.846894425126233,,0.0011913860486950807,,3.520478203598942e-08
2.8468754814304464,,0.0011910684222441318,,3.5205756461238106e-08
2.8468565377346597,,0.001190750795793183,,3.520673088648679e-08
2.8468375940388726,,0.001190433169342227,,3.5207705311735496e-08
2.846818650343086,,0.001190115542891278,,3.5208679736984185e-08
2.846799706647299,,0.0011897979164403293,,3.5209654162232873e-08
2.8467807629515125,,0.0011894802899893805,,3.5210628587481555e-08
2.8467618192557254,,0.0011891626635384242,,3.5211603012730264e-08
2.8467428755599387,,0.0011888450370874755,,3.521257743797895e-08
2.846723931864152,,0.0011885274106365267,,3.5213551863227634e-08
2.8467049881683653,,0.0011882097841855778,,3.521452628847632e-08
2.846686044472578,,0.0011878921577346217,,3.521550071372503e-08
2.8466671007767914,,0.0011875745312836727,,3.521647513897372e-08
2.8466481570810047,,0.001187256904832724,,3.52174495642224e-08
2.846629213385218,,0.0011869392783817752,,3.521842398947109e-08
2.846610269689431,,0.001186621651930819,,3.52193984147198e-08
2.846591325993644,,0.0011863040254798702,,3.522037283996848e-08
2.8465723822978575,,0.0011859863990289214,,3.522134726521717e-08
2.8465534386020708,,0.0011856687725779727,,3.522232169046585e-08
2.8465344949062836,,0.0011853511461270164,,3.522329611571456e-08
2.846515551210497,,0.0011850335196760676,,3.522427054096325e-08
2.8464966075147102,,0.0011847158932251187,,3.5225244966211937e-08
2.8464776638189235,,0.00118439826677417,,3.522621939146062e-08
2.8464587201231364,,0.0011840806403232138,,3.522719381670933e-08
2.8464397764273497,,0.0011837630138722649,,3.5228168241958015e-08
2.846420832731563,,0.0011834453874213161,,3.52291426672067e-08
2.8464018890357763,,0.0011831277609703674,,3.5230117092455386e-08
2.846382945339989,,0.001182810134519411,,3.5231091517704094e-08
2.8463640016442024,,0.0011824925080684623,,3.5232065942952776e-08
2.8463450579484157,,0.0011821748816175136,,3.5233040368201465e-08
2.846326114252629,,0.0011818572551665647,,3.5234014793450153e-08
2.846307170556842,,0.0011815396287156086,,3.523498921869886e-08
2.846288226861055,,0.0011812220022646596,,3.5235963643947544e-08
2.8462692831652685,,0.0011809043758137109,,3.523693806919623e-08
2.846250339469482,,0.0011805867493627621,,3.5237912494444914e-08
2.8462313957736947,,0.0011802691229118058,,3.523888691969362e-08
2.846212452077908,,0.001179951496460857,,3.523986134494231e-08
2.8461935083821213,,0.0011796338700099083,,3.5240835770191e-08
2.8461745646863346,,0.0011793162435589594,,3.524181019543968e-08
2.8461556209905474,,0.0011789986171080033,,3.524278462068839e-08
2.8461366772947607,,0.0011786809906570545,,3.524375904593708e-08
2.846117733598974,,0.0011783633642061056,,3.524473347118576e-08
2.8460987899031873,,0.0011780457377551568,,3.524570789643445e-08
2.8460798462074,,0.0011777281113042005,,3.524668232168316e-08
2.8460609025116135,,0.0011774104848532518,,3.524765674693184e-08
2.8460419588158268,,0.001177092858402303,,3.524863117218053e-08
2.84602301512004,,0.0011768218787667937,,3.5249605597429217e-08
2.846004071424253,,0.0011765528388021048,,3.5250580022677925e-08
2.8459851277284662,,0.0011762837988374224,,3.525155444792661e-08
2.8459661840326795,,0.00117601475887274,,3.5252528873175296e-08
2.845947240336893,,0.0011757457189080574,,3.525350329842398e-08
2.8459282966411057,,0.0011754766789433687,,3.5254477723672686e-08
2.845909352945319,,0.0011752076389786863,,3.5255452148921374e-08
2.8458904092495323,,0.001174938599014004,,3.525642657417006e-08
2.8458714655537456,,0.0011746695590493213,,3.5257400999418745e-08
2.8458525218579585,,0.0011744005190846326,,3.5258375424667453e-08
2.8458335781621718,,0.0011741314791199502,,3.525934984991614e-08
2.845814634466385,,0.0011738624391552676,,3.5260324275164824e-08
2.8457956907705984,,0.0011735933991905852,,3.526129870041351e-08
2.845776747074811,,0.0011733243592258965,,3.526227312566222e-08
2.8457578033790245,,0.0011730553192612141,,3.52632475509109e-08
2.845738859683238,,0.0011727862792965315,,3.526422197615959e-08
2.845719915987451,,0.0011725172393318491,,3.526519640140828e-08
2.845700972291664,,0.0011722481993671605,,3.526617082665699e-08
2.8456820285958773,,0.0011719791594024778,,3.526714525190567e-08
2.8456630849000906,,0.0011717101194377954,,3.526811967715436e-08
2.845644141204304,,0.001171441079473113,,3.526909410240304e-08
2.8456251975085167,,0.0011711720395084244,,3.527006852765175e-08
2.84560625381273,,0.0011709029995437418,,3.527104295290044e-08
2.8455873101169433,,0.0011706339595790594,,3.527201737814912e-08
2.8455683664211566,,0.001170364919614377,,3.527299180339781e-08
2.8455494227253695,,0.001170095879649688,,3.5273966228646517e-08
2.845530479029583,,0.0011698268396850057,,3.5274940653895205e-08
2.845511535333796,,0.0011695577997203233,,3.527591507914389e-08
2.8454925916380094,,0.0011692887597556409,,3.5276889504392576e-08
2.8454736479422222,,0.001169019719790952,,3.5277863929641284e-08
2.8454547042464355,,0.0011687506798262696,,3.5278838354889966e-08
2.845435760550649,,0.0011684816398615872,,3.5279812780138654e-08
2.845416816854862,,0.0011682125998969048,,3.528078720538734e-08
2.845397873159075,,0.0011679435599322159,,3.528176163063605e-08
2.8453789294632883,,0.0011676745199675335,,3.5282736055884733e-08
2.8453599857675016,,0.001167405480002851,,3.528371048113342e-08
2.845341042071715,,0.0011671364400381685,,3.5284684906382104e-08
2.8453220983759278,,0.0011668674000734798,,3.528565933163081e-08
2.845303154680141,,0.0011665983601087974,,3.52866337568795e-08
2.8452842109843544,,0.001166329320144115,,3.528760818212818e-08
2.8452652672885677,,0.0011660602801794324,,3.528858260737687e-08
2.8452463235927805,,0.0011657912402147437,,3.528955703262558e-08
2.845227379896994,,0.0011655222002500613,,3.529053145787427e-08
2.845208436201207,,0.0011652531602853787,,3.529150588312295e-08
2.8451894925054204,,0.0011649841203206963,,3.529248030837164e-08
2.8451705488096333,,0.0011647150803560076,,3.529345473362035e-08
2.8451516051138466,,0.0011644460403913252,,3.529442915886903e-08
2.84513266141806,,0.0011641770004266426,,3.529540358411772e-08
2.845113717722273,,0.0011639079604619602,,3.5296378009366406e-08
2.845094774026486,,0.0011636389204972715,,3.5297352434615115e-08
2.8450758303306993,,0.001163369880532589,,3.5298326859863797e-08
2.8450568866349126,,0.001163592656802281,,3.5299301285112485e-08
2.845037942939126,,0.0011638777500605326,,3.530027571036117e-08
2.845018999243339,,0.0011641628433187907,,3.5301250135609875e-08
2.845000055547552,,0.0011644479365770426,,3.5302224560858564e-08
2.8449811118517654,,0.0011647330298352942,,3.5303198986107246e-08
2.8449621681559787,,0.0011650181230935459,,3.5304173411355935e-08
2.8449432244601915,,0.0011653032163518042,,3.530514783660464e-08
2.844924280764405,,0.0011655883096100559,,3.530612226185333e-08
2.844905337068618,,0.0011658734028683075,,3.5307096687102013e-08
2.8448863933728314,,0.0011661584961265591,,3.53080711123507e-08
2.8448674496770443,,0.0011664435893848175,,3.530904553759941e-08
2.8448485059812576,,0.0011667286826430691,,3.531001996284809e-08
2.844829562285471,,0.0011670137759013208,,3.531099438809678e-08
2.844810618589684,,0.0011672988691595724,,3.531196881334546e-08
2.844791674893897,,0.0011675839624178308,,3.531294323859417e-08
2.8447727311981104,,0.0011678690556760824,,3.531391766384286e-08
2.8447537875023237,,0.001168154148934334,,3.531489208909155e-08
2.844734843806537,,0.0011684392421925857,,3.531586651434023e-08
2.84471590011075,,0.001168724335450844,,3.531684093958894e-08
2.844696956414963,,0.0011690094287090957,,3.531781536483763e-08
2.8446780127191764,,0.0011692945219673474,,3.531878979008631e-08
2.8446590690233897,,0.001169579615225599,,3.5319764215335e-08
2.8446401253276026,,0.0011698647084838574,,3.5320738640583706e-08
2.844621181631816,,0.001170149801742109,,3.5321713065832395e-08
2.844602237936029,,0.0011704348950003606,,3.5322687491081077e-08
2.8445832942402425,,0.0011707199882586123,,3.5323661916329765e-08
2.8445643505444553,,0.0011710050815168706,,3.5324636341578474e-08
2.8445454068486686,,0.0011712901747751223,,3.5325610766827156e-08
2.844526463152882,,0.001171575268033374,,3.5326585192075844e-08
2.8445075194570952,,0.0011718603612916256,,3.5327559617324526e-08
2.844488575761308,,0.001172145454549884,,3.5328534042573234e-08
2.8444696320655214,,0.0011724305478081356,,3.532950846782192e-08
2.8444506883697347,,0.0011727156410663872,,3.533048289307061e-08
2.844431744673948,,0.0011730007343246389,,3.5331457318319293e-08
2.844412800978161,,0.0011732858275828972,,3.5332431743568e-08
2.844393857282374,,0.0011735709208411489,,3.533340616881669e-08
2.8443749135865874,,0.0011738560140994005,,3.533438059406537e-08
2.8443559698908008,,0.0011741411073576521,,3.533535501931406e-08
2.8443370261950136,,0.0011744262006159105,,3.533632944456277e-08
2.844318082499227,,0.0011747112938741621,,3.533730386981146e-08
2.84429913880344,,0.0011749963871324138,,3.533827829506014e-08
2.8442801951076535,,0.0011752814803906654,,3.533925272030883e-08
2.8442612514118664,,0.0011755665736489238,,3.534022714555754e-08
2.8442423077160797,,0.0011758516669071754,,3.534120157080622e-08
2.844223364020293,,0.001176136760165427,,3.534217599605491e-08
2.8442044203245063,,0.0011764218534236787,,3.534315042130359e-08
2.844185476628719,,0.001176706946681937,,3.53441248465523e-08
2.8441665329329324,,0.0011769920399401887,,3.5345099271800986e-08
2.8441475892371457,,0.0011772771331984404,,3.5346073697049675e-08
2.844128645541359,,0.001177562226456692,,3.5347048122298357e-08
2.844109701845572,,0.0011778473197149504,,3.5348022547547065e-08
2.844090758149785,,0.0011777544514890445,,3.5348996972795754e-08
2.8440718144539985,,0.001177568517390569,,3.5349971398044436e-08
2.844052870758212,,0.0011773825832920933,,3.5350945823293124e-08
2.8440339270624246,,0.0011771966491936133,,3.535192024854183e-08
2.844014983366638,,0.0011770107150951379,,3.5352894673790514e-08
2.8439960396708512,,0.0011768247809966622,,3.53538690990392e-08
2.8439770959750645,,0.0011766388468981866,,3.535484352428789e-08
2.8439581522792774,,0.0011764529127997066,,3.53558179495366e-08
2.8439392085834907,,0.001176266978701231,,3.535679237478528e-08
2.843920264887704,,0.0011760810446027556,,3.535776680003397e-08
2.8439013211919173,,0.00117589511050428,,3.535874122528265e-08
2.84388237749613,,0.0011757091764058,,3.535971565053136e-08
2.8438634338003435,,0.0011755232423073243,,3.536069007578005e-08
2.8438444901045568,,0.0011753373082088487,,3.536166450102874e-08
2.84382554640877,,0.001175151374110373,,3.536263892627742e-08
2.843806602712983,,0.0011749654400118933,,3.536361335152613e-08
2.843787659017196,,0.0011747795059134176,,3.536458777677482e-08
2.8437687153214095,,0.001174593571814942,,3.53655622020235e-08
2.843749771625623,,0.0011744076377164664,,3.536653662727219e-08
2.8437308279298357,,0.0011742217036179864,,3.5367511052520896e-08
2.843711884234049,,0.0011740357695195108,,3.536848547776958e-08
2.8436929405382623,,0.0011738498354210353,,3.5369459903018266e-08
2.8436739968424756,,0.0011736639013225597,,3.5370434328266955e-08
2.8436550531466884,,0.0011734779672240797,,3.537140875351566e-08
2.8436361094509017,,0.001173292033125604,,3.5372383178764345e-08
2.843617165755115,,0.0011731060990271284,,3.5373357604013034e-08
2.8435982220593283,,0.001172920164928653,,3.5374332029261716e-08
2.843579278363541,,0.001172734230830173,,3.5375306454510424e-08
2.8435603346677545,,0.0011725482967316974,,3.537628087975911e-08
2.843541390971968,,0.0011723623626332218,,3.53772553050078e-08
2.843522447276181,,0.0011721764285347461,,3.537822973025648e-08
2.843503503580394,,0.0011719904944362662,,3.537920415550519e-08
2.8434845598846072,,0.0011718045603377907,,3.538017858075388e-08
2.8434656161888205,,0.001171618626239315,,3.538115300600256e-08
2.843446672493034,,0.0011714326921408395,,3.538212743125125e-08
2.8434277287972467,,0.0011712467580423595,,3.538310185649996e-08
2.84340878510146,,0.0011710608239438839,,3.538407628174864e-08
2.8433898414056733,,0.0011708748898454084,,3.538505070699733e-08
2.8433708977098866,,0.0011706889557469328,,3.538602513224602e-08
2.8433519540140995,,0.0011705030216484528,,3.5386999557494726e-08
2.8433330103183128,,0.0011703170875499772,,3.538797398274341e-08
2.843314066622526,,0.0011701311534515015,,3.53889484079921e-08
2.8432951229267394,,0.001169945219353026,,3.538992283324078e-08
2.843276179230952,,0.0011697592852545461,,3.539089725848949e-08
2.8432572355351655,,0.0011695733511560705,,3.5391871683738176e-08
2.843238291839379,,0.0011693874170575949,,3.539284610898686e-08
2.843219348143592,,0.0011692014829591192,,3.5393820534235546e-08
2.843200404447805,,0.0011690155488606393,,3.5394794959484255e-08
2.8431814607520183,,0.0011688296147621636,,3.539576938473294e-08
2.8431625170562316,,0.0011686436806636882,,3.5396743809981625e-08
2.843143573360445,,0.0011684577465652126,,3.5397718235230314e-08
2.8431246296646577,,0.0011684567178412775,,3.539869266047902e-08
2.843105685968871,,0.0011685241194082107,,3.5399667085727704e-08
2.8430867422730843,,0.001168591520975144,,3.540064151097639e-08
2.8430677985772976,,0.0011686589225420772,,3.540161593622508e-08
2.8430488548815105,,0.0011687263241090121,,3.540259036147379e-08
2.843029911185724,,0.0011687937256759453,,3.540356478672247e-08
2.843010967489937,,0.0011688611272428785,,3.540453921197116e-08
2.8429920237941504,,0.0011689285288098118,,3.540551363721984e-08
2.8429730800983632,,0.0011689959303767465,,3.540648806246855e-08
2.8429541364025765,,0.0011690633319436797,,3.540746248771724e-08
2.84293519270679,,0.001169130733510613,,3.540843691296592e-08
2.842916249011003,,0.0011691981350775461,,3.540941133821461e-08
2.8428973053152164,,0.0011692655366444793,,3.54103857634633e-08
2.8428783616194293,,0.0011693329382114143,,3.5411360188712006e-08
2.8428594179236426,,0.0011694003397783475,,3.541233461396069e-08
2.842840474227856,,0.0011694677413452807,,3.541330903920938e-08
2.8428215305320688,,0.0011695351429122155,,3.5414283464458085e-08
2.842802586836282,,0.0011696025444791487,,3.541525788970677e-08
2.8427836431404954,,0.0011696699460460819,,3.5416232314955456e-08
2.8427646994447087,,0.001169737347613015,,3.5417206740204144e-08
2.842745755748922,,0.0011698047491799483,,3.5418181165452826e-08
2.842726812053135,,0.001169872150746883,,3.5419155590701535e-08
2.842707868357348,,0.0011699395523138163,,3.542013001595022e-08
2.8426889246615614,,0.0011700069538807495,,3.5421104441198905e-08
2.8426699809657747,,0.0011700743554476827,,3.5422078866447594e-08
2.8426510372699876,,0.0011701417570146176,,3.54230532916963e-08
2.842632093574201,,0.0011702091585815508,,3.5424027716944984e-08
2.842613149878414,,0.001170276560148484,,3.542500214219367e-08
2.8425942061826275,,0.0011703439617154173,,3.542597656744236e-08
2.8425752624868403,,0.001170411363282352,,3.542695099269107e-08
2.8425563187910536,,0.0011704787648492852,,3.542792541793975e-08
2.842537375095267,,0.0011705461664162184,,3.542889984318844e-08
2.8425184313994802,,0.0011706135679831516,,3.542987426843712e-08
2.842499487703693,,0.0011706809695500864,,3.543084869368583e-08
2.8424805440079064,,0.0011707483711170196,,3.543182311893452e-08
2.8424616003121197,,0.0011708157726839528,,3.54327975441832e-08
2.842442656616333,,0.001170883174250886,,3.543377196943189e-08
2.842423712920546,,0.001170950575817821,,3.54347463946806e-08
2.842404769224759,,0.0011710179773847542,,3.5435720819929286e-08
2.8423858255289725,,0.0011710853789516874,,3.543669524517797e-08
2.8423668818331858,,0.0011711527805186206,,3.543766967042666e-08
2.8423479381373986,,0.0011712201820855553,,3.5438644095675365e-08
2.842328994441612,,0.0011712875836524886,,3.543961852092405e-08
2.842310050745825,,0.0011713549852194218,,3.5440592946172736e-08
2.8422911070500385,,0.001171422386786355,,3.5441567371421424e-08
2.8422721633542514,,0.0011714897883532897,,3.544254179667013e-08
2.8422532196584647,,0.001171557189920223,,3.5443516221918815e-08
2.842234275962678,,0.0011716245914871561,,3.54444906471675e-08
2.8422153322668913,,0.0011716919930540896,,3.5445465072416185e-08
2.842196388571104,,0.0011717593946210243,,3.5446439497664894e-08
2.8421774448753174,,0.0011718267961879575,,3.544741392291358e-08
2.8421585011795307,,0.0011716678528394906,,3.5448388348162264e-08
2.842139557483744,,0.001171384201869621,,3.544936277341095e-08
2.842120613787957,,0.0011711005508997449,,3.545033719865966e-08
2.84210167009217,,0.0011708168999298753,,3.545131162390835e-08
2.8420827263963835,,0.0011705332489600057,,3.545228604915703e-08
2.842063782700597,,0.001170249597990136,,3.545326047440572e-08
2.8420448390048096,,0.0011699659470202598,,3.545423489965443e-08
2.842025895309023,,0.0011696822960503902,,3.545520932490311e-08
2.8420069516132362,,0.0011693986450805206,,3.54561837501518e-08
2.8419880079174495,,0.001169114994110651,,3.545715817540049e-08
2.8419690642216624,,0.0011688313431407746,,3.5458132600649196e-08
2.8419501205258757,,0.001168547692170905,,3.545910702589788e-08
2.841931176830089,,0.0011682640412010354,,3.5460081451146567e-08
2.8419122331343023,,0.0011679803902311658,,3.546105587639525e-08
2.841893289438515,,0.0011676967392612897,,3.546203030164396e-08
2.8418743457427285,,0.0011674130882914201,,3.5463004726892645e-08
2.8418554020469418,,0.0011671294373215505,,3.546397915214133e-08
2.841836458351155,,0.001166845786351681,,3.5464953577390016e-08
2.841817514655368,,0.0011665621353818046,,3.5465928002638724e-08
2.841798570959581,,0.001166278484411935,,3.546690242788741e-08
2.8417796272637945,,0.0011659948334420654,,3.5467876853136095e-08
2.841760683568008,,0.0011657111824721958,,3.5468851278384783e-08
2.8417417398722207,,0.0011654275315023195,,3.546982570363349e-08
2.841722796176434,,0.00116514388053245,,3.5470800128882174e-08
2.8417038524806473,,0.0011648602295625803,,3.547177455413086e-08
2.8416849087848606,,0.0011645765785927107,,3.5472748979379544e-08
2.8416659650890734,,0.0011642929276228346,,3.547372340462826e-08
2.8416470213932867,,0.001164009276652965,,3.547469782987694e-08
2.8416280776975,,0.0011637256256830954,,3.547567225512563e-08
2.8416091340017133,,0.0011634419747132258,,3.547664668037431e-08
2.841590190305926,,0.0011631583237433495,,3.547762110562302e-08
2.8415712466101395,,0.0011628746727734799,,3.547859553087171e-08
2.841552302914353,,0.0011625910218036103,,3.547956995612039e-08
2.841533359218566,,0.0011623073708337407,,3.548054438136908e-08
2.841514415522779,,0.0011620237198638646,,3.548151880661779e-08
2.8414954718269922,,0.001161740068893995,,3.5482493231866476e-08
2.8414765281312055,,0.0011614564179241254,,3.548346765711516e-08
2.841457584435419,,0.0011611727669542558,,3.5484442082363847e-08
2.8414386407396317,,0.0011608891159843795,,3.5485416507612555e-08
2.841419697043845,,0.0011606054650145099,,3.548639093286124e-08
2.8414007533480583,,0.0011603218140446403,,3.5487365358109925e-08
2.8413818096522716,,0.0011600381630747707,,3.548833978335861e-08
2.8413628659564845,,0.0011597545121048943,,3.5489314208607316e-08
2.8413439222606978,,0.0011594708611350247,,3.5490288633856004e-08
2.841324978564911,,0.0011591872101651551,,3.549126305910469e-08
2.8413060348691244,,0.0011589035591952855,,3.5492237484353375e-08
2.841287091173337,,0.0011586199082254094,,3.549321190960208e-08
2.8412681474775505,,0.0011583362572555398,,3.549418633485077e-08
2.841249203781764,,0.0011580526062856702,,3.5495160760099454e-08
2.841230260085977,,0.0011577689553158006,,3.549613518534814e-08
2.84121131639019,,0.0011574853043459243,,3.549710961059685e-08
2.8411923726944033,,0.0011573377654503314,,3.549808403584554e-08
2.8411734289986166,,0.0011572919793650595,,3.549905846109422e-08
2.84115448530283,,0.0011572461932797878,,3.550003288634291e-08
2.8411355416070427,,0.0011572004071945148,,3.550100731159162e-08
2.841116597911256,,0.001157154621109243,,3.55019817368403e-08
2.8410976542154693,,0.001157108835023971,,3.550295616208899e-08
2.8410787105196826,,0.001157063048938699,,3.550393058733767e-08
2.8410597668238955,,0.001157017262853426,,3.550490501258638e-08
2.841040823128109,,0.0011569714767681544,,3.550587943783507e-08
2.841021879432322,,0.0011569256906828825,,3.5506853863083756e-08
2.8410029357365354,,0.0011568799045976106,,3.550782828833244e-08
2.8409839920407483,,0.0011568341185123376,,3.5508802713581146e-08
2.8409650483449616,,0.0011567883324270656,,3.5509777138829835e-08
2.840946104649175,,0.0011567425463417937,,3.551075156407852e-08
2.840927160953388,,0.001156696760256522,,3.5511725989327205e-08
2.840908217257601,,0.001156650974171249,,3.5512700414575914e-08
2.8408892735618143,,0.0011566051880859771,,3.55136748398246e-08
2.8408703298660276,,0.0011565594020007052,,3.5514649265073284e-08
2.840851386170241,,0.0011565136159154333,,3.551562369032197e-08
2.8408324424744538,,0.0011564678298301605,,3.551659811557068e-08
2.840813498778667,,0.0011564220437448886,,3.551757254081936e-08
2.8407945550828804,,0.0011563762576596167,,3.551854696606805e-08
2.8407756113870937,,0.0011563304715743448,,3.5519521391316734e-08
2.8407566676913065,,0.0011562846854890718,,3.552049581656544e-08
2.84073772399552,,0.0011562388994037999,,3.552147024181413e-08
2.840718780299733,,0.0011561931133185282,,3.552244466706282e-08
2.8406998366039464,,0.0011561473272332563,,3.55234190923115e-08
2.8406808929081593,,0.0011561015411479833,,3.552439351756021e-08
2.8406619492123726,,0.0011560557550627114,,3.55253679428089e-08
2.840643005516586,,0.0011560099689774395,,3.552634236805758e-08
2.840624061820799,,0.0011559641828921675,,3.552731679330627e-08
2.840605118125012,,0.0011559183968068948,,3.552829121855498e-08
2.8405861744292253,,0.0011558726107216229,,3.552926564380366e-08
2.8405672307334386,,0.001155826824636351,,3.553024006905235e-08
2.840548287037652,,0.001155781038551079,,3.5531214494301036e-08
2.840529343341865,,0.001155735252465806,,3.5532188919549745e-08
2.840510399646078,,0.0011556894663805343,,3.5533163344798426e-08
2.8404914559502914,,0.0011556436802952624,,3.5534137770047115e-08
2.8404725122545047,,0.0011555978942099905,,3.55351121952958e-08
2.8404535685587176,,0.0011555521081247175,,3.5536086620544505e-08
2.840434624862931,,0.0011555063220394456,,3.5537061045793194e-08
2.840415681167144,,0.0011554605359541737,,3.553803547104188e-08
2.8403967374713575,,0.001155414749868902,,3.5539009896290564e-08
2.8403777937755703,,0.001155368963783629,,3.553998432153927e-08
2.8403588500797836,,0.001155323177698357,,3.554095874678796e-08
2.840339906383997,,0.0011552773916130852,,3.5541933172036643e-08
2.84032096268821,,0.0011552316055278133,,3.554290759728533e-08
2.840302018992423,,0.0011551858194425403,,3.554388202253404e-08
2.8402830752966364,,0.0011551400333572686,,3.554485644778272e-08
2.8402641316008497,,0.0011550942472719967,,3.554583087303141e-08
2.840245187905063,,0.0011550484611867248,,3.55468052982801e-08
2.840226244209276,,0.00115501591466797,,3.554777972352881e-08
2.840207300513489,,0.0011549966242565682,,3.554875414877749e-08
2.8401883568177024,,0.0011549773338451665,,3.554972857402618e-08
2.8401694131219157,,0.0011549580434337648,,3.555070299927486e-08
2.8401504694261286,,0.0011549387530223627,,3.555167742452357e-08
2.840131525730342,,0.001154919462610961,,3.555265184977226e-08
2.840112582034555,,0.0011549001721995592,,3.5553626275020946e-08
2.8400936383387685,,0.0011548808817881575,,3.555460070026963e-08
2.8400746946429813,,0.0011548615913767554,,3.5555575125518336e-08
2.8400557509471946,,0.0011548423009653537,,3.5556549550767025e-08
2.840036807251408,,0.001154823010553952,,3.5557523976015707e-08
2.8400178635556212,,0.0011548037201425502,,3.5558498401264395e-08
2.839998919859834,,0.001154784429731148,,3.5559472826513104e-08
2.8399799761640474,,0.0011547651393197464,,3.5560447251761785e-08
2.8399610324682607,,0.0011547458489083447,,3.5561421677010474e-08
2.839942088772474,,0.001154726558496943,,3.556239610225916e-08
2.839923145076687,,0.0011547072680855408,,3.556337052750787e-08
2.8399042013809,,0.001154687977674139,,3.556434495275655e-08
2.8398852576851135,,0.0011546686872627374,,3.556531937800524e-08
2.8398663139893268,,0.0011546493968513356,,3.5566293803253923e-08
2.8398473702935396,,0.0011546301064399335,,3.556726822850263e-08
2.839828426597753,,0.0011546108160285318,,3.556824265375132e-08
2.839809482901966,,0.00115459152561713,,3.5569217079e-08
2.8397905392061795,,0.0011545722352057284,,3.557019150424869e-08
2.8397715955103924,,0.0011545529447943262,,3.55711659294974e-08
2.8397526518146057,,0.0011545336543829245,,3.557214035474609e-08
2.839733708118819,,0.0011545143639715228,,3.557311477999477e-08
2.8397147644230323,,0.001154495073560121,,3.557408920524346e-08
2.839695820727245,,0.001154475783148719,,3.557506363049217e-08
2.8396768770314584,,0.0011544564927373172,,3.557603805574085e-08
2.8396579333356717,,0.0011544372023259155,,3.557701248098954e-08
2.839638989639885,,0.0011544179119145138,,3.5577986906238226e-08
2.839620045944098,,0.0011543986215031116,,3.5578961331486934e-08
2.839601102248311,,0.00115437933109171,,3.5579935756735616e-08
2.8395821585525245,,0.0011543600406803082,,3.5580910181984305e-08
2.839563214856738,,0.0011543407502689065,,3.5581884607232987e-08
2.8395442711609507,,0.0011543214598575043,,3.5582859032481695e-08
2.839525327465164,,0.0011543021694461026,,3.5583833457730384e-08
2.8395063837693773,,0.001154282879034701,,3.5584807882979065e-08
2.8394874400735906,,0.0011542635886232992,,3.5585782308227754e-08
2.8394684963778034,,0.001154244298211897,,3.558675673347646e-08
2.8394495526820167,,0.0011542250078004953,,3.558773115872515e-08
2.83943060898623,,0.0011542057173890936,,3.558870558397383e-08
2.8394116652904433,,0.0011541864269776919,,3.558968000922252e-08
2.839392721594656,,0.0011541671365662897,,3.559065443447123e-08
2.8393737778988695,,0.001154147846154888,,3.559162885971991e-08
2.8393548342030828,,0.0011541285557434863,,3.55926032849686e-08
2.839335890507296,,0.0011541092653320846,,3.559357771021729e-08
2.839316946811509,,0.0011540899749206824,,3.5594552135466e-08
2.8392980031157222,,0.0011540706845092807,,3.559552656071468e-08
2.8392790594199355,,0.001154051394097879,,3.559650098596337e-08
2.839260115724149,,0.0011541191772392121,,3.559747541121205e-08
2.8392411720283617,,0.0011543037338846423,,3.559844983646076e-08
2.839222228332575,,0.001154488290530068,,3.559942426170945e-08
2.8392032846367883,,0.001154672847175494,,3.560039868695813e-08
2.8391843409410016,,0.0011548574038209199,,3.560137311220682e-08
2.8391653972452144,,0.00115504196046635,,3.5602347537455526e-08
2.8391464535494277,,0.0011552265171117758,,3.5603321962704214e-08
2.839127509853641,,0.0011554110737572016,,3.5604296387952896e-08
2.8391085661578543,,0.0011555956304026274,,3.5605270813201585e-08
2.839089622462067,,0.0011557801870480575,,3.560624523845029e-08
2.8390706787662805,,0.0011559647436934833,,3.5607219663698975e-08
2.839051735070494,,0.001156149300338909,,3.5608194088947664e-08
2.839032791374707,,0.001156333856984335,,3.5609168514196346e-08
2.83901384767892,,0.001156518413629765,,3.561014293944506e-08
2.8389949039831333,,0.001156702970275191,,3.561111736469374e-08
2.8389759602873466,,0.0011568875269206168,,3.561209178994243e-08
2.83895701659156,,0.0011570720835660426,,3.561306621519111e-08
2.8389380728957727,,0.0011572566402114728,,3.561404064043982e-08
2.838919129199986,,0.0011574411968568986,,3.561501506568851e-08
2.8389001855041993,,0.0011576257535023244,,3.561598949093719e-08
2.8388812418084126,,0.0011578103101477501,,3.561696391618588e-08
2.8388622981126255,,0.0011579948667931803,,3.561793834143459e-08
2.8388433544168388,,0.001158179423438606,,3.561891276668328e-08
2.838824410721052,,0.001158363980084032,,3.561988719193196e-08
2.8388054670252654,,0.0011585485367294579,,3.562086161718065e-08
2.8387865233294782,,0.001158733093374888,,3.5621836042429356e-08
2.8387675796336915,,0.0011589176500203138,,3.562281046767804e-08
2.838748635937905,,0.0011591022066657396,,3.562378489292673e-08
2.838729692242118,,0.0011592867633111654,,3.562475931817541e-08
2.838710748546331,,0.0011594713199565955,,3.562573374342412e-08
2.8386918048505443,,0.0011596558766020213,,3.5626708168672806e-08
2.8386728611547576,,0.0011598404332474471,,3.5627682593921494e-08
2.838653917458971,,0.001160024989892873,,3.5628657019170176e-08
2.8386349737631837,,0.001160209546538303,,3.5629631444418885e-08
2.838616030067397,,0.001160394103183729,,3.563060586966757e-08
2.8385970863716103,,0.0011605786598291549,,3.5631580294916255e-08
2.8385781426758236,,0.0011607632164745807,,3.5632554720164944e-08
2.8385591989800365,,0.0011609477731200108,,3.563352914541365e-08
2.83854025528425,,0.0011611323297654366,,3.563450357066234e-08
2.838521311588463,,0.0011613168864108624,,3.563547799591102e-08
2.8385023678926764,,0.0011615014430562882,,3.563645242115971e-08
2.8384834241968893,,0.0011616859997017183,,3.563742684640842e-08
2.8384644805011026,,0.001161870556347144,,3.56384012716571e-08
2.838445536805316,,0.0011620551129925699,,3.563937569690579e-08
2.838426593109529,,0.001162239669637996,,3.564035012215447e-08
2.838407649413742,,0.001162424226283426,,3.564132454740318e-08
2.8383887057179553,,0.0011626087829288518,,3.564229897265187e-08
2.8383697620221686,,0.0011627933395742776,,3.564327339790056e-08
2.838350818326382,,0.0011629778962197034,,3.564424782314924e-08
2.8383318746305948,,0.0011631624528651336,,3.564522224839795e-08
2.838312930934808,,0.0011633470095105593,,3.5646196673646636e-08
2.8382939872390214,,0.0011634701489344843,,3.564717109889532e-08
2.8382750435432347,,0.001163481511449463,,3.564814552414401e-08
2.8382560998474475,,0.0011634928739644417,,3.5649119949392715e-08
2.838237156151661,,0.0011635042364794201,,3.5650094374641404e-08
2.838218212455874,,0.0011635155989943987,,3.5651068799890086e-08
2.8381992687600874,,0.0011635269615093771,,3.5652043225138774e-08
2.8381803250643003,,0.001163538324024356,,3.565301765038748e-08
2.8381613813685136,,0.0011635496865393343,,3.5653992075636165e-08
2.838142437672727,,0.001163561049054313,,3.565496650088485e-08
2.83812349397694,,0.0011635724115692913,,3.5655940926133535e-08
2.838104550281153,,0.0011635837740842701,,3.5656915351382244e-08
2.8380856065853663,,0.0011635951365992487,,3.565788977663093e-08
2.8380666628895796,,0.0011636064991142271,,3.565886420187962e-08
2.838047719193793,,0.0011636178616292055,,3.56598386271283e-08
2.838028775498006,,0.0011636292241441843,,3.566081305237701e-08
2.838009831802219,,0.001163640586659163,,3.56617874776257e-08
2.8379908881064324,,0.0011636519491741413,,3.566276190287438e-08
2.8379719444106457,,0.00116366331168912,,3.566373632812307e-08
2.8379530007148586,,0.0011636746742040985,,3.566471075337178e-08
2.837934057019072,,0.0011636860367190771,,3.566568517862046e-08
2.837915113323285,,0.0011636973992340555,,3.566665960386915e-08
2.8378961696274985,,0.0011637087617490341,,3.566763402911784e-08
2.8378772259317113,,0.001163720124264013,,3.5668608454366546e-08
2.8378582822359246,,0.0011637314867789913,,3.566958287961523e-08
2.837839338540138,,0.00116374284929397,,3.5670557304863916e-08
2.8378203948443512,,0.0011637542118089483,,3.56715317301126e-08
2.837801451148564,,0.0011637655743239272,,3.567250615536131e-08
2.8377825074527774,,0.0011637769368389055,,3.5673480580609995e-08
2.8377635637569907,,0.0011637882993538841,,3.5674455005858684e-08
2.837744620061204,,0.0011637996618688625,,3.5675429431107366e-08
2.837725676365417,,0.0011638110243838414,,3.5676403856356074e-08
2.83770673266963,,0.00116382238689882,,3.567737828160476e-08
2.8376877889738434,,0.0011638337494137983,,3.5678352706853445e-08
2.8376688452780567,,0.001163845111928777,,3.567932713210213e-08
2.8376499015822696,,0.0011638564744437556,,3.568030155735084e-08
2.837630957886483,,0.0011638678369587342,,3.5681275982599524e-08
2.837612014190696,,0.0011638791994737125,,3.568225040784821e-08
2.8375930704949095,,0.0011638905619886912,,3.56832248330969e-08
2.8375741267991224,,0.0011639019245036698,,3.568419925834561e-08
2.8375551831033357,,0.0011639132870186484,,3.568517368359429e-08
2.837536239407549,,0.0011639246495336267,,3.568614810884298e-08
2.8375172957117623,,0.0011639360120486053,,3.568712253409166e-08
2.837498352015975,,0.0011639473745635842,,3.568809695934037e-08
2.8374794083201884,,0.0011639587370785626,,3.568907138458906e-08
2.8374604646244017,,0.0011639700995935412,,3.569004580983775e-08
2.837441520928615,,0.0011639814621085195,,3.569102023508643e-08
2.837422577232828,,0.0011639928246234984,,3.569199466033514e-08
2.837403633537041,,0.0011640041871384768,,3.5692969085583826e-08
2.8373846898412545,,0.0011640155496534554,,3.569394351083251e-08
2.8373657461454678,,0.0011640269121684337,,3.5694917936081196e-08
2.8373468024496806,,0.0011640382746834126,,3.5695892361329905e-08
2.837327858753894,,0.0011639580862488376,,3.569686678657859e-08
2.8373089150581072,,0.001163644890285116,,3.5697841211827275e-08
2.8372899713623205,,0.0011633316943213945,,3.5698815637075964e-08
2.8372710276665334,,0.0011630184983576655,,3.569979006232467e-08
2.8372520839707467,,0.001162705302393944,,3.5700764487573354e-08
2.83723314027496,,0.0011623921064302224,,3.570173891282204e-08
2.8372141965791733,,0.001162078910466501,,3.5702713338070725e-08
2.837195252883386,,0.0011617657145027722,,3.570368776331943e-08
2.8371763091875994,,0.0011614525185390506,,3.570466218856812e-08
2.8371573654918127,,0.0011611393225753291,,3.5705636613816804e-08
2.837138421796026,,0.0011608261266116075,,3.570661103906549e-08
2.837119478100239,,0.0011605129306478787,,3.57075854643142e-08
2.837100534404452,,0.001160199734684157,,3.570855988956289e-08
2.8370815907086655,,0.0011598865387204356,,3.570953431481157e-08
2.837062647012879,,0.001159573342756714,,3.571050874006026e-08
2.8370437033170917,,0.0011592601467929852,,3.571148316530897e-08
2.837024759621305,,0.0011589469508292637,,3.571245759055765e-08
2.8370058159255183,,0.001158633754865542,,3.571343201580634e-08
2.8369868722297316,,0.0011583205589018207,,3.571440644105503e-08
2.8369679285339444,,0.0011580073629380916,,3.5715380866303735e-08
2.8369489848381577,,0.0011576941669743702,,3.571635529155242e-08
2.836930041142371,,0.0011573809710106488,,3.5717329716801106e-08
2.8369110974465843,,0.0011570677750469271,,3.571830414204979e-08
2.836892153750797,,0.0011567545790831983,,3.5719278567298496e-08
2.8368732100550105,,0.0011564413831194767,,3.5720252992547185e-08
2.8368542663592238,,0.0011561281871557553,,3.572122741779587e-08
2.836835322663437,,0.0011558149911920336,,3.5722201843044555e-08
2.83681637896765,,0.0011555017952283048,,3.5723176268293264e-08
2.8367974352718632,,0.0011551885992645834,,3.572415069354195e-08
2.8367784915760765,,0.0011548754033008618,,3.5725125118790634e-08
2.83675954788029,,0.0011545622073371403,,3.572609954403932e-08
2.8367406041845027,,0.0011542490113734113,,3.572707396928803e-08
2.836721660488716,,0.0011539358154096899,,3.572804839453671e-08
2.8367027167929293,,0.0011536226194459682,,3.57290228197854e-08
2.8366837730971426,,0.0011533094234822468,,3.572999724503409e-08
2.8366648294013554,,0.001152996227518518,,3.57309716702828e-08
2.8366458857055687,,0.0011526830315547964,,3.573194609553148e-08
2.836626942009782,,0.001152369835591075,,3.573292052078017e-08
2.8366079983139953,,0.0011520566396273533,,3.573389494602885e-08
2.836589054618208,,0.0011517434436636245,,3.573486937127756e-08
2.8365701109224215,,0.001151430247699903,,3.573584379652625e-08
2.836551167226635,,0.0011511170517361814,,3.573681822177493e-08
2.836532223530848,,0.00115080385577246,,3.573779264702362e-08
2.836513279835061,,0.001150490659808731,,3.573876707227233e-08
2.8364943361392743,,0.0011501774638450096,,3.5739741497521016e-08
2.8364753924434876,,0.001149864267881288,,3.57407159227697e-08
2.836456448747701,,0.0011495510719175665,,3.5741690348018386e-08
2.8364375050519137,,0.0011492378759538377,,3.5742664773267094e-08
2.836418561356127,,0.001148924679990116,,3.5743639198515776e-08
2.8363996176603403,,0.0011486114840263946,,3.5744613623764465e-08
2.8363806739645536,,0.001148298288062673,,3.574558804901315e-08
2.8363617302687665,,0.0011481181397477109,,3.574656247426186e-08
2.83634278657298,,0.0011484398888974494,,3.5747536899510544e-08
2.836323842877193,,0.001148761638047188,,3.574851132475923e-08
2.8363048991814064,,0.0011490833871969266,,3.5749485750007914e-08
2.8362859554856192,,0.001149405136346673,,3.575046017525662e-08
2.8362670117898325,,0.0011497268854964114,,3.575143460050531e-08
2.836248068094046,,0.0011500486346461502,,3.575240902575399e-08
2.836229124398259,,0.0011503703837958887,,3.575338345100268e-08
2.836210180702472,,0.0011506921329456348,,3.575435787625139e-08
2.8361912370066853,,0.0011510138820953735,,3.575533230150008e-08
2.8361722933108986,,0.001151335631245112,,3.575630672674876e-08
2.836153349615112,,0.0011516573803948508,,3.575728115199745e-08
2.8361344059193248,,0.0011519791295445969,,3.575825557724616e-08
2.836115462223538,,0.0011523008786943354,,3.575923000249484e-08
2.8360965185277514,,0.001152622627844074,,3.576020442774353e-08
2.8360775748319647,,0.0011529443769938126,,3.576117885299221e-08
2.8360586311361775,,0.001153266126143559,,3.576215327824092e-08
2.836039687440391,,0.0011535878752932974,,3.576312770348961e-08
2.836020743744604,,0.0011539096244430362,,3.5764102128738296e-08
2.8360018000488174,,0.0011542313735927747,,3.576507655398698e-08
2.8359828563530303,,0.0011545531227425208,,3.5766050979235686e-08
2.8359639126572436,,0.0011548748718922595,,3.5767025404484374e-08
2.835944968961457,,0.001155196621041998,,3.5767999829733056e-08
2.83592602526567,,0.0011555183701917368,,3.5768974254981745e-08
2.835907081569883,,0.0011558401193414829,,3.5769948680230453e-08
2.8358881378740963,,0.0011561618684912214,,3.577092310547914e-08
2.8358691941783096,,0.0011564836176409601,,3.5771897530727824e-08
2.835850250482523,,0.0011568053667906986,,3.577287195597651e-08
2.835831306786736,,0.001157127115940445,,3.577384638122522e-08
2.835812363090949,,0.0011574488650901835,,3.57748208064739e-08
2.8357934193951624,,0.0011577706142399222,,3.577579523172259e-08
2.8357744756993757,,0.0011580923633896607,,3.577676965697127e-08
2.8357555320035885,,0.0011584141125394068,,3.577774408221998e-08
2.835736588307802,,0.0011587358616891455,,3.577871850746867e-08
2.835717644612015,,0.001159057610838884,,3.577969293271736e-08
2.8356987009162284,,0.0011593793599886228,,3.578066735796604e-08
2.8356797572204413,,0.0011597011091383689,,3.578164178321475e-08
2.8356608135246546,,0.0011600228582881074,,3.578261620846344e-08
2.835641869828868,,0.0011603446074378461,,3.578359063371212e-08
2.835622926133081,,0.0011606663565875846,,3.578456505896081e-08
2.835603982437294,,0.001160988105737331,,3.5785539484209517e-08
2.8355850387415074,,0.0011613098548870695,,3.5786513909458205e-08
2.8355660950457207,,0.0011616316040368082,,3.578748833470689e-08
2.835547151349934,,0.0011619533531865467,,3.5788462759955576e-08
2.835528207654147,,0.0011622751023362928,,3.5789437185204284e-08
2.83550926395836,,0.0011625968514860315,,3.5790411610452966e-08
2.8354903202625734,,0.00116291860063577,,3.5791386035701655e-08
2.8354713765667867,,0.0011632403497855088,,3.5792360460950336e-08
2.8354524328709996,,0.0011635620989352549,,3.5793334886199045e-08
2.835433489175213,,0.0011638838480849934,,3.5794309311447733e-08
2.835414545479426,,0.0011642055972347321,,3.579528373669642e-08
2.8353956017836395,,0.001164480650702056,,3.5796258161945104e-08
2.8353766580878523,,0.0011644615691270438,,3.579723258719381e-08
2.8353577143920656,,0.001164442487552032,,3.57982070124425e-08
2.835338770696279,,0.0011644234059770206,,3.579918143769118e-08
2.8353198270004922,,0.001164404324402009,,3.580015586293987e-08
2.835300883304705,,0.0011643852428269968,,3.580113028818858e-08
2.8352819396089184,,0.001164366161251985,,3.580210471343726e-08
2.8352629959131317,,0.0011643470796769734,,3.580307913868595e-08
2.835244052217345,,0.0011643279981019617,,3.580405356393464e-08
2.835225108521558,,0.0011643089165269498,,3.580502798918335e-08
2.835206164825771,,0.001164289834951938,,3.580600241443203e-08
2.8351872211299844,,0.0011642707533769264,,3.580697683968072e-08
2.8351682774341977,,0.0011642516718019147,,3.58079512649294e-08
2.8351493337384106,,0.0011642325902269026,,3.580892569017811e-08
2.835130390042624,,0.0011642135086518909,,3.5809900115426797e-08
2.835111446346837,,0.0011641944270768794,,3.5810874540675485e-08
2.8350925026510505,,0.0011641753455018677,,3.581184896592417e-08
2.8350735589552634,,0.0011641562639268556,,3.5812823391172876e-08
2.8350546152594767,,0.001164137182351844,,3.5813797816421564e-08
2.83503567156369,,0.0011641181007768322,,3.5814772241670246e-08
2.8350167278679033,,0.0011640990192018205,,3.5815746666918935e-08
2.834997784172116,,0.0011640799376268086,,3.581672109216764e-08
2.8349788404763294,,0.001164060856051797,,3.5817695517416325e-08
2.8349598967805427,,0.0011640417744767852,,3.5818669942665013e-08
2.834940953084756,,0.0011640226929017735,,3.58196443679137e-08
2.834922009388969,,0.0011640036113267614,,3.582061879316241e-08
2.834903065693182,,0.0011639845297517497,,3.582159321841109e-08
2.8348841219973955,,0.0011639654481767382,,3.582256764365978e-08
2.834865178301609,,0.0011639463666017265,,3.582354206890846e-08
2.8348462346058216,,0.0011639272850267144,,3.582451649415717e-08
2.834827290910035,,0.0011639082034517027,,3.582549091940586e-08
2.8348083472142482,,0.001163889121876691,,3.582646534465455e-08
2.8347894035184615,,0.0011638700403016793,,3.582743976990323e-08
2.8347704598226744,,0.0011638509587266672,,3.582841419515194e-08
2.8347515161268877,,0.0011638318771516557,,3.582938862040063e-08
2.834732572431101,,0.001163812795576644,,3.583036304564931e-08
2.8347136287353143,,0.0011637937140016323,,3.5831337470898e-08
2.834694685039527,,0.0011637746324266202,,3.5832311896146706e-08
2.8346757413437405,,0.0011637555508516085,,3.583306014083712e-08
2.8346567976479538,,0.001163736469276597,,3.5833451648868374e-08
2.834637853952167,,0.0011637173877015853,,3.583384315689963e-08
2.83461891025638,,0.0011636983061265732,,3.58342346649309e-08
2.834599966560593,,0.0011636792245515615,,3.583462617296216e-08
2.8345810228648065,,0.0011636601429765498,,3.583501768099342e-08
2.83456207916902,,0.0011636410614015381,,3.583540918902468e-08
2.8345431354732327,,0.001163621979826526,,3.5835800697055944e-08
2.834524191777446,,0.0011636028982515145,,3.58361922050872e-08
2.8345052480816593,,0.0011635838166765028,,3.5836583713118456e-08
2.8344863043858726,,0.0011635647351014911,,3.5836975221149715e-08
2.8344673606900854,,0.001163545653526479,,3.583736672918098e-08
2.8344484169942987,,0.0011635265719514673,,3.583775823721224e-08
2.834429473298512,,0.0011635008660393798,,3.58381497452435e-08
2.8344105296027253,,0.0011633790322163695,,3.583854125327476e-08
2.834391585906938,,0.0011632571983933564,,3.5838932761306025e-08
2.8343726422111515,,0.0011631353645703462,,3.5839324269337285e-08
2.834353698515365,,0.0011630135307473361,,3.583971577736854e-08
2.834334754819578,,0.0011628916969243259,,3.58401072853998e-08
2.834315811123791,,0.0011627698631013128,,3.584049879343106e-08
2.8342968674280042,,0.0011626480292783025,,3.584089030146232e-08
2.8342779237322175,,0.0011625261954552922,,3.584128180949358e-08
2.834258980036431,,0.0011624043616322822,,3.584167331752484e-08
2.8342400363406437,,0.001162282527809269,,3.584206482555611e-08
2.834221092644857,,0.0011621606939862588,,3.584245633358737e-08
2.8342021489490703,,0.0011620388601632486,,3.5842847841618626e-08
2.8341832052532836,,0.0011619170263402385,,3.584323934964988e-08
2.8341642615574965,,0.0011617951925172254,,3.584363085768115e-08
2.8341453178617098,,0.0011616733586942152,,3.5844022365712404e-08
2.834126374165923,,0.001161551524871205,,3.5844413873743664e-08
2.8341074304701364,,0.0011614296910481946,,3.5844805381774923e-08
2.834088486774349,,0.0011613078572251816,,3.584519688980619e-08
2.8340695430785625,,0.0011611860234021715,,3.584558839783745e-08
2.834050599382776,,0.0011610641895791612,,3.584597990586871e-08
2.834031655686989,,0.001160942355756151,,3.584637141389996e-08
2.834012711991202,,0.001160820521933138,,3.5846762921931234e-08
2.8339937682954153,,0.0011606986881101276,,3.5847154429962486e-08
2.8339748245996286,,0.0011605768542871176,,3.5847545937993746e-08
2.833955880903842,,0.0011604550204641073,,3.5847937446025005e-08
2.8339369372080547,,0.0011603331866410942,,3.584832895405627e-08
2.833917993512268,,0.001160211352818084,,3.584872046208753e-08
2.8338990498164813,,0.001160089518995074,,3.584911197011879e-08
2.8338801061206946,,0.0011599676851720636,,3.584950347815005e-08
2.8338611624249075,,0.0011598458513490506,,3.5849894986181316e-08
2.833842218729121,,0.0011597240175260403,,3.585028649421257e-08
2.833823275033334,,0.00115960218370303,,3.585067800224383e-08
2.8338043313375474,,0.00115948034988002,,3.585106951027509e-08
2.8337853876417602,,0.001159358516057007,,3.585146101830635e-08
2.8337664439459735,,0.0011592366822339966,,3.585185252633761e-08
2.833747500250187,,0.0011591148484109864,,3.585224403436887e-08
2.8337285565544,,0.001158993014587976,,3.585263554240013e-08
2.833709612858613,,0.0011588711807649632,,3.58530270504314e-08
2.8336906691628263,,0.001158749346941953,,3.585341855846266e-08
2.8336717254670396,,0.0011586275131189427,,3.585381006649391e-08
2.833652781771253,,0.0011585056792959324,,3.585420157452517e-08
2.8336338380754658,,0.0011583838454729193,,3.5854593082556435e-08
2.833614894379679,,0.0011582620116499093,,3.5854984590587695e-08
2.8335959506838924,,0.001158140177826899,,3.5855376098618954e-08
2.8335770069881057,,0.0011580183440038888,,3.5855767606650213e-08
2.833558063292319,,0.0011578965101808785,,3.5856159114681466e-08
2.833539119596532,,0.0011577746763578654,,3.585655062271274e-08
2.833520175900745,,0.0011576528425348554,,3.585694213074399e-08
2.8335012322049584,,0.001157531008711845,,3.585733363877525e-08
2.8334822885091713,,0.001157409174888832,,3.585772514680652e-08
2.8334633448133846,,0.0011572873410658218,,3.5858116654837777e-08
2.833444401117598,,0.0011577463206732849,,3.5858508162869036e-08
2.833425457421811,,0.0011582100240724554,,3.5858899670900295e-08
2.8334065137260245,,0.0011586737274716257,,3.5859291178931555e-08
2.8333875700302373,,0.001159137430870807,,3.585968268696282e-08
2.8333686263344506,,0.0011596011342699774,,3.5860074194994074e-08
2.833349682638664,,0.001160064837669148,,3.586046570302533e-08
2.833330738942877,,0.0011605285410683291,,3.58608572110566e-08
2.83331179524709,,0.0011609922444674996,,3.586124871908786e-08
2.8332928515513034,,0.00116145594786667,,3.586164022711912e-08
